Player,Per90_% of Aerials Won,Per90_% of Dribblers Tackled,Per90_Aerials Lost,Per90_Aerials Won,Per90_Assists,Per90_Average Shot Distance,Per90_Ball Recoveries,Per90_Blocks,Per90_Carries,Per90_Carries into Final Third,Per90_Carries into Penalty Area,Per90_Challenges Lost,Per90_Clearances,Per90_Corner Kicks,Per90_Crosses,Per90_Crosses into Penalty Area,Per90_Dead-ball Passes,Per90_Dispossessed,Per90_Dribblers Tackled,Per90_Dribbles Challenged,Per90_Errors,Per90_Fouls Committed,Per90_Fouls Drawn,Per90_GCA (Dead-ball Pass),Per90_GCA (Defensive Action),Per90_GCA (Fouls Drawn),Per90_GCA (Live-ball Pass),Per90_GCA (Shot),Per90_GCA (Take-On),Per90_Goal-Creating Actions,Per90_Goals,Per90_Goals + Assists,Per90_Goals - xG,Per90_Goals/Shot,Per90_Goals/Shot on Target,Per90_Inswinging Corner Kicks,Per90_Interceptions,Per90_Key Passes,Per90_Live-ball Passes,Per90_Miscontrols,Per90_Non-Penalty Goals,Per90_Non-Penalty Goals - npxG,Per90_Offsides,Per90_Outswinging Corner Kicks,Per90_Own Goals,Per90_Pass Completion %,Per90_Pass Completion % (Long),Per90_Pass Completion % (Medium),Per90_Pass Completion % (Short),Per90_Passes Attempted,Per90_Passes Attempted (Long),Per90_Passes Attempted (Medium),Per90_Passes Attempted (Short),Per90_Passes Blocked,Per90_Passes Completed,Per90_Passes Completed (Long),Per90_Passes Completed (Medium),Per90_Passes Completed (Short),Per90_Passes Offside,Per90_Passes Received,Per90_Passes from Free Kicks,Per90_Passes into Final Third,Per90_Passes into Penalty Area,Per90_Penalty Kicks Attempted,Per90_Penalty Kicks Conceded,Per90_Penalty Kicks Made,Per90_Penalty Kicks Won,Per90_Progressive Carries,Per90_Progressive Carrying Distance,Per90_Progressive Passes,Per90_Progressive Passes Rec,Per90_Progressive Passing Distance,Per90_Red Cards,Per90_SCA (Dead-ball Pass),Per90_SCA (Defensive Action),Per90_SCA (Fouls Drawn),Per90_SCA (Live-ball Pass),Per90_SCA (Shot),Per90_SCA (Take-On),Per90_Second Yellow Card,Per90_Shot-Creating Actions,Per90_Shots Blocked,Per90_Shots Total,Per90_Shots from Free Kicks,Per90_Shots on Target,Per90_Shots on Target %,Per90_Straight Corner Kicks,Per90_Successful Take-On %,Per90_Successful Take-Ons,Per90_Switches,Per90_Tackled During Take-On Percentage,Per90_Tackles,Per90_Tackles (Att 3rd),Per90_Tackles (Def 3rd),Per90_Tackles (Mid 3rd),Per90_Tackles Won,Per90_Take-Ons Attempted,Per90_Through Balls,Per90_Throw-ins Taken,Per90_Times Tackled During Take-On,Per90_Tkl+Int,Per90_Total Carrying Distance,Per90_Total Passing Distance,Per90_Touches,Per90_Touches (Att 3rd),Per90_Touches (Att Pen),Per90_Touches (Def 3rd),Per90_Touches (Def Pen),Per90_Touches (Live-Ball),Per90_Touches (Mid 3rd),Per90_Yellow Cards,Per90_npxG + xAG,Per90_npxG/Shot,Per90_npxG: Non-Penalty xG,Per90_xA: Expected Assists,Per90_xAG: Exp. Assisted Goals,Per90_xG: Expected Goals,age,player_market_value_euro
Alejandro Balde,53.97233710495513,36.61478735856418,1.5789894654701522,1.7189894654701523,0.1054077253218884,16.847873585641825,7.758505657432695,2.2454077253218885,29.35674600078034,0.9844635193133048,0.13940304330862271,1.334568864611783,1.4769801014436208,0.913640265314085,1.822676550916894,0.2818142801404604,3.2283573936792824,1.7550877877487319,0.7717440499414748,2.1063129145532575,0.0,0.8753492001560671,0.7347405384315255,0.07120561841591884,0.0,0.0,0.2458095981271947,0.034202106905969566,0.0,0.3512173234490831,0.1736051502145923,0.27901287553648063,-0.016601638704642995,0.10479906359734686,0.3733983612953571,0.7030316035895434,0.5618259851736247,1.0906554818571985,38.03077253218884,2.282926258291065,0.1736051502145923,-0.016601638704642995,0.06840421381193913,0.21060866172454154,0.0,75.91802575107296,69.6467030823254,84.79114319157237,78.96476785017558,41.402539992196644,4.144810768630512,15.168689036285603,18.540257510729617,1.7203901677721418,31.465513070620368,2.9175536480686692,12.883772922356613,14.642543893874365,0.13960983222785797,31.71085056574327,0.2458095981271947,2.5978306671868903,1.088451033944596,0.0,0.0,0.0,0.0,1.2996683573936794,55.02613343737808,3.440479906359734,4.739028482247367,114.19577058134999,0.0,0.21060866172454154,0.034202106905969566,0.0,2.174502536090519,0.17761217323449086,0.38822083495903237,0.0,2.9851463129145532,0.13940304330862271,1.6142723371049552,0.0,0.45641825985173623,27.72789699570815,0.0,57.28700741318766,1.789297698010144,0.38541943035505266,42.712992586812334,2.176519703472493,0.06840421381193913,1.1226609442060087,0.9824463519313306,1.0868630511119781,3.125875926648459,0.06840421381193913,0.737233710495513,1.3335700351150994,2.738345688646118,155.0346117830667,546.1118884120172,55.167136168552474,16.890659383534917,2.8429418650019507,10.953780725712056,1.7205852516582132,55.167136168552474,28.304057744830278,0.034202106905969566,0.279414748341787,0.12520093640265315,0.19400702301989856,0.10020678891923526,0.08239953179867343,0.19400702301989856,23.5753424657534,17.72753356339242
Alexander Sørloth,54.5,76.9,1.65,1.9799999999999998,0.16,16.0,2.97,1.15,16.65,0.82,0.49000000000000005,0.49000000000000005,1.81,1.32,2.14,0.16,2.64,1.32,1.65,2.14,0.0,2.14,0.49000000000000005,0.0,0.16,0.0,0.16,0.0,0.0,0.33,0.33,0.49000000000000005,0.12,0.2,0.5,0.49000000000000005,0.0,1.65,22.42,2.14,0.33,0.12,0.0,0.66,0.0,61.70000000000001,42.9,65.5,69.8,25.38,3.46,9.56,10.38,0.905,15.660000000000002,1.48,6.26,7.25,0.33,21.92,0.49000000000000005,1.32,0.82,0.0,0.0,0.0,0.0,0.9899999999999999,43.52,2.14,4.78,95.6,0.0,0.66,0.16,0.0,1.48,0.16,0.0,0.0,2.47,0.0,1.65,0.0,0.66,40.0,0.16,40.0,1.32,0.49000000000000005,60.0,2.47,0.9899999999999999,0.82,0.66,1.48,3.3,0.16,0.66,1.9799999999999998,2.47,103.68,263.74,38.41,12.53,2.31,8.57,1.15,38.41,18.79,0.33,0.31,0.13,0.21,0.07,0.1,0.21,25.3917808219178,17.034386382832476
Alejandro Balde,65.89370031796501,60.43767885532592,1.785647853736089,3.4147714626391097,0.08895071542130364,10.267368839427663,4.3093759936407,1.2705067567567567,28.276804451510333,0.37510532591414947,0.017885532591414944,0.5878398251192369,4.274213036565977,0.0,0.16038553259141494,0.0,1.6266613672496026,0.2670647853736089,0.8407849761526232,1.4299304451510333,0.08898648648648648,1.4475616057233704,0.5730822734499205,0.0,0.0,0.0,0.0909697933227345,0.017849761526232112,0.0,0.1088195548489666,0.052714626391096975,0.14451907790143084,0.013173688394276628,0.12803259141494436,0.6312599364069952,0.0,1.1955445151033386,0.23223569157392684,43.19334658187599,0.46293521462639103,0.052714626391096975,0.013173688394276628,0.03486486486486486,0.0,0.0,77.76848171701114,43.66232114467409,85.14095786963435,86.80751192368838,44.98154213036566,6.744566772655008,20.76785373608903,16.255759141494433,0.40156299682034974,35.21465421303656,2.970274244833069,17.778002782193955,14.183740063593005,0.16153418124006358,31.24648648648649,0.6970409379968204,1.879224960254372,0.07139904610492845,0.0,0.03559220985691574,0.0,0.0,0.2679709856915739,63.24035771065182,2.4521085055643876,0.3574224960254372,234.83989864864867,0.03540143084260731,0.017885532591414944,0.017849761526232112,0.0,0.4813135930047695,0.05325119236883943,0.0,0.03540143084260731,0.570300079491256,0.7669236883942766,0.48104531001589823,0.0,0.0705643879173291,17.004014308426076,0.0,65.39348171701113,0.10680047694753576,0.2502106518282989,14.892686804451511,1.6617348966613674,0.1793839427662957,0.9301649443561208,0.5554630365659777,0.9658565182829888,0.14253577106518284,0.017849761526232112,0.7862341017488075,0.03573529411764706,2.861560015898251,133.857066772655,635.5453914944356,55.26467011128776,2.6472098569157394,0.7502146263910969,29.3502086645469,6.420548489666136,55.26467011128776,23.67972575516693,0.37494236883942766,0.07891295707472179,0.09643680445151034,0.042394674085850556,0.03323926868044515,0.03354332273449921,0.042394674085850556,23.5753424657534,17.72753356339242
Alejandro Balde,40.45509828009828,45.938605651105654,0.8282678132678133,0.5817168304668304,0.16635442260442262,17.449201474201473,4.949210687960687,1.0219011056511056,31.07114250614251,2.292060810810811,1.3526382063882065,0.7444041769041768,1.4390663390663392,1.9347880835380835,5.031228501228501,0.5227764127764127,3.895672604422604,0.7732217444717444,0.6338022113022113,1.3822512285012287,0.0,0.8849938574938575,1.1341062653562652,0.05554054054054054,0.0,0.027530712530712532,0.1929269041769042,0.02800982800982801,0.027530712530712532,0.33153869778869777,0.08232493857493858,0.24867936117936118,-0.15027948402948405,0.03701781326781327,0.10509828009828011,1.1865509828009828,0.49790847665847665,1.4108998771498773,38.8903531941032,2.3495208845208846,0.08232493857493858,-0.15027948402948405,0.1663544226044226,0.13834459459459458,0.0,75.05420761670761,45.86271498771499,74.65310196560196,86.7139742014742,42.98039004914005,4.810374692874693,13.929281326781329,21.227923832923832,0.9553025184275183,32.20437346437347,2.1561117936117933,10.391864250614251,18.40627764127764,0.1943642506142506,38.20010135135135,0.49747542997543004,1.5779699017199016,0.9914496314496314,0.0,0.0,0.0,0.0,4.506532555282555,107.72074324324323,2.5142874692874693,8.790697174447175,129.7473525798526,0.0,0.4154668304668304,0.02800982800982801,0.14052825552825554,2.238439803439803,0.16582923832923832,0.1948433660933661,0.0,3.1771621621621624,0.05554054054054054,1.9339957002457002,0.08232493857493858,0.6342813267813268,32.18086609336609,0.0,40.09904791154791,1.1341523341523343,0.24963759213759212,59.90095208845209,1.3554668304668303,0.2783937346437347,0.6342813267813269,0.4423679361179362,0.910546683046683,2.8218642506142504,0.05554054054054054,1.4105159705159704,1.6854176904176905,1.8533753071253072,217.04008906633908,484.385770884521,55.2825,26.5616984029484,3.3983046683046685,8.953768427518428,1.1903716216216216,55.2825,20.233835995085993,0.112997542997543,0.35519348894348896,0.11907248157248157,0.2326044226044226,0.1328132678132678,0.12589066339066338,0.2326044226044226,23.5753424657534,17.72753356339242
Alejandro Balde,30.884287712648348,32.27653535490276,0.6851852353233157,0.3126438337620144,0.2287951807228915,17.62938495555255,4.001122241776094,0.4708298361987275,30.596168042958354,2.0726912142953835,1.0671788276702314,0.34568070032940756,0.343804431207978,1.4832399259961193,3.5071170073552644,0.3315518252786427,3.90272280131763,1.4218622805830061,0.14973331528360634,0.4945665809304634,0.03269933667253283,0.3245498849329904,1.1235273678985604,0.03608050178241054,0.0,0.025345877893596862,0.38181986372456117,0.033344163169532065,0.028926943729976083,0.5027178376427057,0.49923017914354056,0.7278083118992825,0.02550200803212852,0.13789314561617255,0.3378114706015072,0.5174694282748973,0.255122963765173,1.7970321736383736,36.038986507829065,1.86464103605433,0.3860777943233608,0.011680429583502551,0.38622896078696806,0.5524913135688823,0.0,77.68748702675872,55.431966066513255,79.92089255900004,87.52939398041603,40.213861287848026,4.662614954198818,12.73747258697712,19.412344208293845,0.7154329678263616,31.247307431975095,2.5173132981363655,10.172938495555254,17.009465276837687,0.2713844140607373,36.97329227020441,0.7108641306800235,2.801479175127476,1.2972871260322185,0.1273453364017869,0.0,0.11440729208970715,0.003969134966833627,3.1444686611614996,91.03097152655566,4.496876494743017,7.370634447903976,118.5793299038852,0.0,0.5414656378322277,0.01232706105320157,0.1909670141239114,2.7743802174992105,0.24454627498759082,0.22777130995893688,0.0,3.9877839447678354,0.04970263074770994,2.809117368349804,0.1987775822390686,1.1293348675601282,40.07454537250124,0.003969134966833627,49.03373493975904,0.926917106628762,0.25083209241460225,44.43521501737286,0.30830061820314975,0.07751410134921709,0.10072830648436441,0.13035151843328371,0.1367551103289563,1.8768543838274447,0.18748838048824512,0.7224209196335905,0.8404665854428952,0.5666860701231894,183.6784116240242,481.0354961418709,49.07069897567799,22.946371553630254,4.519416993817968,4.524546274987591,0.5362348269482424,48.944079689544694,22.084435269166555,0.09854564324714588,0.5774676233021975,0.13730698073191644,0.3760444023284148,0.21963584675781778,0.20113577907134159,0.47457876449618697,23.5753424657534,17.72753356339242
Alejandro Balde,52.399450800915325,54.515057208237984,1.5463066361556066,1.729661327231121,0.10395881006864988,19.44590389016018,5.315601830663615,1.9563524027459955,25.102489702517165,1.254466819221968,0.4539267734553776,0.8471075514874141,1.6863935926773455,0.10278718535469107,0.987812356979405,0.05862242562929062,1.7888878718535468,1.0279816933638444,1.053116704805492,1.8941967963386726,0.0,1.7108512585812357,1.543258581235698,0.0,0.0,0.019679633867276888,0.1846315789473684,0.01944622425629291,0.03954233409610984,0.268045766590389,0.05898855835240275,0.1649519450800915,-0.02426544622425629,0.059446224256292916,0.36324942791762016,0.0,1.2958718535469107,0.8212219679633866,36.0599176201373,1.9161372997711672,0.05898855835240275,-0.02426544622425629,0.061350114416475976,0.01944622425629291,0.0,75.6187643020595,44.484302059496564,79.01821510297482,84.70137299771167,38.016361556064076,2.491102974828375,12.314796338672767,19.175455377574373,1.4834508009153318,28.770732265446224,1.1118764302059498,9.700260869565216,16.270768878718535,0.16555148741418765,28.93496109839817,0.16733638443935928,2.203263157894737,0.8035697940503432,0.0,0.0,0.0,0.0,1.874919908466819,56.861450800915335,3.974219679633867,3.582279176201373,105.63063157894736,0.038942791762013734,0.0806132723112128,0.038942791762013734,0.24754233409610985,1.5667826086956522,0.10395881006864988,0.05898855835240275,0.0,2.099606407322655,0.3102883295194508,1.0923478260869566,0.0,0.20425171624713956,17.650617848970253,0.0,39.71313501144164,1.1531716247139587,0.10395881006864988,49.35020594965675,2.494640732265446,0.31023798627002286,0.9462379862700228,1.2349153318077803,1.2559038901601831,2.9478581235697945,0.061350114416475976,0.760045766590389,1.4642425629290616,3.7905125858123574,131.54064073226544,410.210471395881,52.51894279176201,16.659679633867277,1.8527368421052635,11.719176201373,1.9579679633867275,52.51894279176201,24.961322654462244,0.10378489702517162,0.1545263157894737,0.07730892448512587,0.08650343249427918,0.07328604118993136,0.0680228832951945,0.08650343249427918,23.5753424657534,17.72753356339242
Alejandro Balde,39.08045850779052,25.799052783307022,2.941427688928547,1.9266943510192873,0.1367822087995058,13.506843297412315,2.6583149152309695,0.6121264328368453,21.448185187727365,1.346423227400645,1.0077362893815636,0.42105360697371136,0.5933351637037546,0.0,0.3770526460292402,0.05085180863477247,2.1140984281694006,1.9477726679936853,0.13632164184226783,0.5542878715079965,0.0,1.2428876381357679,1.4028896973024914,0.0,0.0,0.048669091907474774,0.23480746791131854,0.08162056421168234,0.02429404900816803,0.3908161164115587,0.5141917770608827,0.6489662983046194,-0.03899375386093762,0.14794083327613425,0.36005559750154437,0.0,0.1874308463175235,1.1363827304550758,23.283884961219027,2.9780588921683027,0.433465577596266,-0.0548390418010845,0.7225245384034593,0.0,0.0,73.26094447113735,60.73979682888324,76.33792298716455,80.73342713981741,25.55480060402224,0.8893225341478482,6.5556428032123,14.615913240442033,0.785690507241403,18.71555151348754,0.5134621456517263,5.004611160683643,11.804540462626122,0.1598743908298442,27.848693115519254,0.04206534422403734,1.0559880568330016,0.746288695174686,0.08686526185736838,0.0,0.08072619946461665,0.037286018257944954,1.8894913858192055,48.61261239618367,2.383606287322397,7.9641910906719735,46.69671356990872,0.0,0.013261033701695383,0.017869448829706914,0.23539433042762029,2.1194357883176607,0.24850916329192121,0.22226920172970002,0.0,2.85284645480129,0.049109753586382046,2.9293760724826687,0.031087926419109065,1.198662914407303,40.69493444985929,0.0,42.35596815155467,0.883587068432974,0.04705950991831972,53.96161713226714,0.46262681035074477,0.210920447525568,0.055690850435856955,0.19928821470245042,0.23535177431532706,2.1567451437984766,0.17408126844670188,0.29165762921271193,1.1739666414990733,0.6500576566682683,111.77505044958475,238.14226508339627,36.94265152035143,19.879461871096165,5.627695106047086,2.0076552954904248,0.747269544924154,36.85528588098017,15.48148740476354,0.08071727640881322,0.6430015786944883,0.16899787219438533,0.4890514105292059,0.12494405930400164,0.15209966366943511,0.5534628320406342,23.5753424657534,17.72753356339242
Alejandro Balde,58.32570725707257,68.82164821648216,1.3822263222632227,1.9373677736777366,0.0,16.777121771217715,2.6522878228782285,1.3287453874538746,40.29169741697417,0.7777121771217712,0.0,0.2774292742927429,4.0979950799508,0.0,0.3315990159901599,0.10902829028290283,2.7713161131611317,0.10902829028290283,0.61,0.887429274292743,0.0,1.3822263222632227,0.22257072570725706,0.0,0.0,0.0,0.0,0.0,0.0,0.0,0.0,0.0,-0.015485854858548585,0.0,0.0,0.0,1.1054858548585487,0.0,61.88452644526445,0.49548585485854857,0.0,-0.015485854858548585,0.0,0.0,0.0,91.5159901599016,65.01254612546126,93.29655596555966,96.30971709717097,64.65035670356704,5.535079950799508,32.93414514145142,25.294674046740468,0.35985854858548577,59.16806888068881,3.5970233702337024,30.716998769987697,24.35307503075031,0.0,53.97007380073801,1.2190282902829028,3.320282902829028,0.22257072570725706,0.0,0.10902829028290283,0.0,0.0,0.6686838868388684,62.21570725707257,3.2654243542435424,0.2774292742927429,310.4617589175892,0.0,0.0,0.0,0.0,0.8325707257072572,0.10902829028290283,0.0,0.0,0.9415990159901598,0.7235424354243543,0.61,0.0,0.0,0.0,0.0,40.0,0.22257072570725706,0.5496555965559655,60.0,1.3287453874538746,0.0,0.833259532595326,0.49548585485854857,0.6106888068880688,0.5496555965559655,0.0,1.2738868388683888,0.3315990159901599,2.4342312423124235,142.19458794587948,1041.5851168511686,74.61327183271833,4.9768019680196804,0.555830258302583,31.436924969249695,8.469212792127921,74.61327183271833,38.74468634686347,0.1638868388683887,0.015485854858548585,0.03548585485854859,0.015485854858548585,0.05451414514145141,0.0,0.015485854858548585,23.5753424657534,17.72753356339242
Antony,47.07233213080415,60.20246130571395,1.1518794367508438,1.03188060048877,0.14069416967298964,20.12628302106366,5.891358082159898,1.158081578028628,33.93990050040731,1.0159757942511345,0.3040236238799022,0.7494722448504597,1.8751536134062607,0.37716222506691494,3.0425962993133946,0.6091335971139299,9.185098335854766,0.5689945304317467,1.100732573024555,1.8476614686372628,0.0372460141976027,1.1943756546025837,0.5023123472593972,0.0,0.0,0.005574304666589084,0.27369021296404045,0.010080297916909113,0.0,0.2893448155475387,0.041597812172698714,0.18229198184568834,-0.005418945653438846,0.06107238449901083,0.1912184336087513,0.1472716164319795,1.4613196788083322,1.0472186663563365,47.57695449784709,1.0787035959501918,0.041597812172698714,-0.005418945653438846,0.13213953217735364,0.1672646340044222,0.0,75.0718375421855,56.70519027115094,78.28675666239963,86.1163912486908,56.925279297102286,9.804371581519842,22.747589898754796,21.32392354241825,1.1826187012684743,42.82153438845572,5.593353892703363,17.888164785290353,18.380996159664843,0.16322646340044222,38.36493424880717,0.9476655417200046,3.927932619574072,1.2296753171185848,0.0,0.020406726405213547,0.0,0.0,1.585967648085651,80.90486500640054,4.9481240544629355,3.2923455137902944,329.7939281973699,0.0,0.29453857791225413,0.014906900965902478,0.04187129058536017,1.7290655184452461,0.06126265564994764,0.08022343768183406,0.0,2.222034795763994,0.2348719888281159,0.6700029093448155,0.0100244384964506,0.18953275922262305,23.45664494355871,0.0100244384964506,54.500471313860125,0.8120650529500756,1.095090189689282,41.69347143023391,2.413462120330501,0.24901722332130802,1.304898172931456,0.8649214476899801,1.3499133015244966,1.4820313045502154,0.07895554521121843,7.855587687652741,0.6027545676713605,3.8736849761433723,157.42937914581634,798.1557628302107,67.22476608867683,15.185819853369022,1.1769352961713022,20.100659839404166,2.9532043523798444,67.22476608867683,32.55733794949378,0.1682188991039218,0.17491562900034913,0.06182299546142209,0.04562318165949029,0.14065169323868265,0.13290934481554756,0.04562318165949029,24.9644808743169,16.811242831518264
Antony,60.8400498861295,58.192994252250294,0.9573679644290206,1.4954419260383907,0.048247478581498755,12.51281856631602,4.832488884068973,1.1793536492788201,40.976552434660015,0.7017405921266674,0.016904891009651882,0.6534204533130897,3.2425615443010516,0.01957813686151177,0.7689111809998916,0.13790912048584755,6.234438781043271,0.23474135126342047,0.9088558724650256,1.5594382388027328,0.01928641145212016,0.5639355818240972,0.6931439106387594,0.0,0.0,0.0,0.09579112894479991,0.0,0.0,0.09579112894479991,0.03841231970502115,0.08665979828651989,0.013550591042186314,0.21693308751762283,0.627221559483787,0.01957813686151177,0.966197809348227,0.3325995011387051,56.95121570328598,0.6121798069623685,0.03841231970502115,0.013550591042186314,0.0573039800455482,0.0,0.0,84.97657520876261,59.85989588981672,89.24681704804252,91.56074178505585,63.33450818783212,6.861012905324802,29.31882767595706,24.50653616744388,0.7045087300726602,54.385256479774434,4.216411452120161,26.616997071901096,22.486588222535516,0.14351805660991218,46.89933738206268,1.6501572497559918,3.5639041318728992,0.39170805769439326,0.0,0.048789719119401366,0.0,0.0,0.9071510682138597,93.70813794599285,4.332440082420562,1.4233683982214511,344.27568159635615,0.01854571087734519,0.028092397787658607,0.0,0.016904891009651882,0.8399262552868453,0.0,0.008514260926146837,0.0,0.899113978961067,0.5065166467845136,0.23246610996638106,0.0,0.07814553736037305,28.30605140440299,0.0,75.80819867693309,0.3393059321114847,0.06650471749267975,17.388450276542674,1.502321873983299,0.10697863572280664,0.8074699056501464,0.5878733326103459,0.9268246394100423,0.48960850233163433,0.01854571087734519,2.576603405270578,0.1271337165166468,2.4685196833315257,193.1875794382388,956.0139366663053,72.00380761305715,5.78892202581065,0.44996529660557427,34.00356468929617,8.503134150309078,72.00380761305715,32.56972020388245,0.07830929400281966,0.04367530636590391,0.12227524129703937,0.022023641687452557,0.0341492245960308,0.02165166467845136,0.022023641687452557,22.7945205479452,16.811242831518264
Antony,58.144313654473024,47.78618254255704,2.1324701195219125,2.9816434262948204,0.03356754798985875,18.777797899311842,5.614463056863455,1.318976819992756,16.415217312567908,0.36340546903295906,0.07123053241579139,1.1570780514306411,1.8923732343353856,0.0,0.2862287214777255,0.11348243390076061,0.5683783049619703,0.4482198478812025,1.0686137269105398,2.224093625498008,0.02380478087649402,1.459468489677653,0.6923388265121333,0.0,0.0,0.0,0.08200108656283955,0.007388627308946034,0.007728178196305686,0.09711789206809127,0.039693951466859834,0.0707986236870699,-0.025120427381383557,0.042026439695762405,0.15789750090546906,0.0,1.392017385005433,0.5774837015574067,33.0711209706628,0.8855722564288302,0.039693951466859834,-0.025120427381383557,0.10406736689605217,0.0,0.0,72.84168779427743,59.39058312205722,76.34624230351321,76.81598152843172,33.73774900398406,3.7411182542557047,13.633866352770733,14.113669865990582,0.7728110286128214,24.642567910177473,2.3702001086562836,10.470999637812387,10.83744204998189,0.0982497283592901,20.470571350959798,0.4493308583846432,2.028388265121333,0.39048985874683084,0.0,0.007388627308946034,0.0,0.0,0.3818525896414343,24.584198659905834,3.2839813473379205,1.1899773632741761,133.70199565374864,0.007388627308946034,0.0,0.055335929011227816,0.08035132198478813,1.2066850778703369,0.09503350235421948,0.040562296269467585,0.0,1.4828766751177112,0.36530242665700835,0.8973515030785948,0.0,0.21816008692502717,22.772681999275626,0.0,47.03160086925027,0.3591769286490402,0.2259824339007606,51.736961245925386,2.2480450923578412,0.2612441144512858,0.8806763853676205,1.111216044911264,1.3591298442593265,0.725133103947845,0.056598152843172767,0.03178377399492937,0.3566642520825788,3.642525353132923,63.54767113364723,422.2692086200652,44.07102136906918,7.399289206809127,1.2882814197754437,12.119099058312205,2.6404762767113366,44.07102136906918,25.05172582397682,0.21337830496197027,0.11170680912712784,0.06584480260775082,0.06235150307859472,0.046034045635639266,0.04689243027888446,0.06235150307859472,24.9644808743169,16.811242831518264
Antony,55.7143832276938,59.1902974158947,1.73538517796197,2.1853559239395417,0.034278400780107264,11.404558751828377,5.187393954168699,1.3055533885909312,47.60109946367626,0.44260604583130186,0.012118478790833739,0.6252096538274012,3.5658751828376394,0.0,0.07738420282788885,0.011079960994636762,3.0085714285714285,0.22283520234032178,0.898008288639688,1.527257435397367,0.0885787420770356,0.8895148707947342,0.4828571428571429,0.0,0.0,0.0,0.04431984397854705,0.012118478790833739,0.0,0.05643832276938079,0.04052413456850317,0.07480253534861044,-0.016014139444173573,0.09894441735738664,0.3533398342272063,0.0,1.3826157971721111,0.4603632374451487,60.77423451974646,0.49172111165285226,0.04052413456850317,-0.016014139444173573,0.033183812774256465,0.0,0.012118478790833739,88.79956118966359,60.320429058995614,94.00692345197466,93.87425646026327,63.85778400780107,7.8861457825451,30.035363237445146,24.268281326182347,0.521805216967333,56.77198683568991,4.795443686006827,28.23710628961482,22.836548025353487,0.07542174549000487,49.82881277425646,1.5362286689419797,4.060104826913701,0.2391101901511458,0.0,0.011079960994636762,0.0,0.021321306679668455,0.3941150658215505,115.30730375426623,4.508549488054608,0.32780838615309604,400.76779863481227,0.012118478790833739,0.0,0.03244514870794735,0.04414431984397854,0.8449219892735251,0.02019746465138957,0.021321306679668455,0.012118478790833739,0.9637518283764018,0.6612189176011701,0.45162603607996105,0.0,0.16429058995611898,35.18398342272063,0.0,46.33527547537786,0.17479278400780107,0.37155290102389077,45.58573866406631,1.600199902486592,0.13136762554851292,1.131311555338859,0.33950755728912724,0.9097927840078011,0.3620819112627987,0.09898829839102875,0.5185153583617746,0.16582642613359339,2.9803193564115067,219.2409483178937,1027.007118478791,73.92725499756216,3.1254461238420284,0.8368576304241833,35.524093125304724,9.070721599219892,73.92725499756216,35.69825694783032,0.16620185275475377,0.09445392491467577,0.1151755241345685,0.05801560214529498,0.050789858605558263,0.03719405168210629,0.05801560214529498,24.9644808743169,16.811242831518264
Antony,66.17419796389768,52.533339036701165,1.1627436050988107,2.300788775772093,0.12256822653777055,21.951869278809138,6.937098981948841,1.446755068868167,32.0128958850201,1.27780905124476,0.18269911882966894,0.9094772863375824,2.5484643682094275,0.7712960903413466,1.9098887843271455,0.2596552314141501,1.8867773120027378,0.5616998887843272,1.000803319360082,1.9095927795363166,0.046518093934468305,1.2085584737787665,1.5652716228933188,0.037571220805885874,0.008524253571734109,0.008524253571734109,0.16136110873470785,0.00796047566087775,0.007083582855676277,0.22907263238942596,0.0679553426298229,0.19229446488151253,-0.026392334673624774,0.04611515099666353,0.14944991017195655,0.39997519034990164,2.0085174095303278,1.0102018992214903,48.10706390623663,1.4245341774317735,0.0679553426298229,-0.026392334673624774,0.0230216442809479,0.2613944734365643,0.0,77.48515698519977,53.39349816066388,81.61011207117802,85.10299426811532,50.13211737531012,6.03845153563179,19.78088459235178,21.44369236033878,1.0573676105740437,39.21109162460433,3.248156386346137,16.469909316451364,18.325523141415005,0.13827615707075028,37.31245102232869,0.9690127470271195,3.9971990760544096,1.0087039096586534,0.0,0.007083582855676277,0.0,0.008524253571734109,1.5546933013944733,91.64673453674393,5.182087432628967,2.0867028830524426,229.2698425870477,0.0,0.267561810248952,0.06170416631020618,0.16887415518863888,1.6405389682607578,0.13814783129437933,0.09142527162289332,0.0,2.371992471554453,0.34663529814355376,1.59659936692617,0.10868166652408248,0.4691248182051502,30.14774574386175,0.016133972110531268,51.87524168021217,0.9315056891094192,0.2687047651638293,42.38247925399949,1.9945470100094107,0.1840114637693558,0.901479168448969,0.9085550517580632,1.3105808880143723,1.8116930447429205,0.2002010437163145,0.08592608435281034,0.7724082470698947,4.004835315253658,173.71887073316793,666.6667807340234,63.8317717512191,12.997466849174437,1.4377577209342116,16.077237573787322,3.7893130293438273,63.8317717512191,35.720088972538285,0.19745829412267946,0.21003507571220806,0.059437077594319446,0.09611857301736677,0.13315852510907694,0.11677046796133117,0.09611857301736677,24.9644808743169,16.811242831518264
Antony,38.49637385086823,50.0,0.6000255362614912,0.3677783452502554,0.13986721144024516,18.704494382022467,4.370367722165475,0.9196527068437181,28.500858018386108,1.9321144024514811,1.5617466802860063,1.0131205311542388,0.6000255362614912,0.0,2.5278089887640447,0.4135188968335036,1.4240449438202245,1.6523799795709906,1.0131205311542388,2.021241062308478,0.0,0.7398927477017365,1.79158835546476,0.0,0.0,0.047063329928498474,0.18193054136874362,0.0,0.0,0.22899387129724208,0.13986721144024516,0.27973442288049033,0.03986721144024515,0.10148110316649643,0.3488610827374872,0.0,0.4601583248212462,1.33317671092952,30.65894279877426,1.9791777323799795,0.13986721144024516,0.03986721144024515,0.36886108273748724,0.0,0.0,72.60766087844739,33.4526557711951,73.76343207354442,82.88810010214506,32.359892747701736,2.48182328907048,9.69962206332993,17.741700715015323,0.9204085801838611,23.490127681307456,0.8311899897854953,7.217793667007149,14.709504596527069,0.27822778345250254,32.358815117466804,0.4616649642492339,1.6994433094994894,1.33317671092952,0.0,0.047063329928498474,0.0,0.0,3.3583350357507666,94.13921859039836,2.9905566905005108,6.893835546475995,103.46863125638407,0.0,0.0,0.0,0.27822778345250254,2.0201634320735447,0.04748723186925434,0.5993667007150153,0.0,2.9402451481103165,0.09280388151174668,1.4238100102145044,0.0,0.4135188968335036,28.94366700715015,0.0,44.611899897854954,2.2983861082737485,0.0895505617977528,47.284678243105205,1.8414811031664964,0.320291113381001,0.9203166496424924,0.5985188968335036,1.0573544433094997,5.150582226762002,0.3692849846782431,0.9673799795709909,2.437170582226762,2.3003166496424923,180.09022471910114,329.70981613891723,45.59893258426966,21.190669050051074,3.0321961184882533,7.401894790602656,0.920076608784474,45.59893258426966,17.972191011235957,0.0,0.2510316649642492,0.07,0.1,0.16793667007150154,0.14970888661899898,0.1,24.9644808743169,16.811242831518264
Carles Aleñá,40.4,33.3,2.31,1.57,0.0,18.0,3.5,1.27,15.810000000000002,0.44999999999999996,0.22000000000000003,0.75,1.34,0.0,0.44999999999999996,0.07,0.22000000000000003,1.12,0.37,1.12,0.07,1.04,1.04,0.0,0.0,0.0,0.15,0.0,0.0,0.15,0.07,0.07,0.01,0.07,0.5,0.0,0.82,0.37,25.2,1.94,0.07,0.01,0.07,0.0,0.0,68.8,30.0,69.8,77.1,25.58,1.49,7.160000000000001,14.320000000000002,0.8950000000000001,17.6,0.44999999999999996,5.0,11.04,0.15,21.4,0.15,1.49,0.37,0.0,0.0,0.0,0.0,0.67,25.95,2.24,2.24,67.18,0.0,0.0,0.07,0.0,1.34,0.44999999999999996,0.07,0.0,1.94,0.22000000000000003,1.04,0.0,0.15,14.300000000000002,0.0,45.5,0.75,0.07,54.5,1.42,0.07,0.37,0.97,0.44999999999999996,1.64,0.0,0.0,0.89,2.24,69.94,231.37999999999997,36.31,12.3,1.72,6.64,1.49,36.31,17.6,0.0,0.1,0.060000000000000005,0.060000000000000005,0.030000000000000002,0.030000000000000002,0.060000000000000005,21.1068493150685,14.73180128983843
Óscar de Marcos,41.348482892188514,43.996126533247256,4.125706907682376,2.7605422853453843,0.05856681730148484,11.72937378954164,3.1082246610716586,1.2487282117495158,17.518683021304067,0.4074112330535829,0.029051000645577793,1.1622724338282762,1.4809038089089737,0.029051000645577793,0.4655132343447385,0.1454874112330536,1.801859264041317,0.3490768237572628,0.9870367979341511,2.1493092317624276,0.058102001291155586,2.1790574564234992,1.1044028405422854,0.0,0.0,0.1164364105874758,0.02928340865074242,0.058102001291155586,0.0,0.2038218205293738,0.14525500322788895,0.2038218205293738,-0.0029954809554551326,0.10426081342801807,0.39541639767591996,0.029051000645577793,1.0748870238863784,0.7253453841187862,28.818360232408004,0.8710652033570045,0.14525500322788895,-0.0029954809554551326,0.5814848289218851,0.0,0.0,73.46972240154939,60.80322788896062,72.94422207876049,79.94467398321498,30.909567462879277,1.8601936733376372,8.338102001291155,17.25652679147837,0.6680568108457069,22.74646868947708,1.1339186571981925,6.0707295029051,13.828973531310524,0.29143963847643645,23.968005164622337,0.2912072304712718,1.6840284054228534,0.4074112330535829,0.0,0.0,0.0,0.08715300193673338,0.4074112330535829,21.962556488056812,2.207643641058748,3.167023886378309,75.6787863137508,0.0,0.08715300193673338,0.0,0.1164364105874758,1.103938024531956,0.23240800516462234,0.0,0.0,1.5399354422207874,0.3195610071013557,1.306597805035507,0.0,0.3197934151065203,23.786830213040673,0.0,22.021174951581667,0.17523563589412527,0.02928340865074242,61.83938024531956,1.8876178179470626,0.34930923176242734,0.5803227888960619,0.9579857972885734,1.1334538411878632,0.725577792123951,0.08715300193673338,0.49386701097482244,0.43622982569399615,2.9625048418334408,62.77874757908328,310.932627501614,41.4269593285991,11.329193027759844,2.6719948353776632,7.437056165267915,1.6847256294383475,41.4269593285991,22.716952872821174,0.14571981923821822,0.18325371207230473,0.11644286636539704,0.14825048418334408,0.044364105874757906,0.037908327953518395,0.14825048418334408,32.0246575342466,14.22097566607244
Dani Olmo,56.33678082856311,68.4564567769477,1.9824730765499174,2.534993693606287,0.008599980595711652,10.583166779858349,3.281047831570777,1.3645250800426894,26.719893276414087,0.46322208208013976,0.025889201513534493,0.27306393713010574,4.116476181236053,0.0,0.27369457650140677,0.04296109440186282,0.9784272824294169,0.14899873872125743,0.5779984476569321,0.8510623847870379,0.025671873484039976,0.9080944988842534,0.5769768118754245,0.0,0.0,0.016982633161928787,0.043456873969147186,0.03457844183564567,0.0,0.09711361210827592,0.0860221208887164,0.09462210148442805,0.0072989230619967,0.11651401959833124,0.491070146502377,0.0,1.3702949451828854,0.2773542252837877,38.8404016687688,0.39283302609876775,0.0860221208887164,0.0072989230619967,0.017289220917822836,0.0,0.0,79.52692345008246,47.186203550984764,87.69689531386436,86.92615698069274,39.91289997089357,5.929299505190647,18.083249248083828,14.417426021150675,0.5699214126321918,31.757951877364896,2.7784447462889297,15.855670903269624,12.531211797807316,0.09698554380518096,31.058421461142913,0.769095760162996,2.6556088095469095,0.18367226156980693,0.0,0.008599980595711652,0.0,0.025889201513534493,0.5154244688076064,65.91696807994566,2.9342844668671777,0.5838071213738236,202.75350635490446,0.0,0.0,0.026256912777723875,0.11412438148830892,0.6545638886193849,0.20037159212185893,0.0,0.0,0.9953167750072766,0.6804957795672844,0.9618511691083729,0.0,0.18481323372465316,21.96242359561463,0.0,54.01827883962356,0.10549626467449305,0.12185019889395556,12.223809061802658,1.390972154846221,0.03457844183564567,0.64616183176482,0.708136218104201,0.9066246240419132,0.20224216551857963,0.017289220917822836,0.15704181624138933,0.025889201513534493,2.7605772775783444,126.49104298049869,575.6778373920636,51.30755408945377,4.156803143494712,1.7477782089841858,23.92656350053362,5.275165421558165,51.30755408945377,23.47308722227612,0.10526341321432037,0.10378771708547589,0.08642378965751431,0.08087319297564761,0.02841078878432134,0.025754341709517802,0.08087319297564761,23.7890410958904,17.909855120186375
Eric García,53.3773085182534,52.44954187544739,1.4095676449534715,1.558937007874016,0.12318324982104509,17.86616320687187,5.347646385110952,1.333142448103078,24.89905225483178,1.088697924123121,0.4782147458840373,0.7334559770937724,2.531905511811024,0.006193271295633501,3.1824702934860416,0.5843693629205441,8.118883321403006,0.6885955619183965,0.8239298496778813,1.5600565497494632,0.02587831066571224,0.8500207587687902,0.35343879742304946,0.02518539727988547,0.006193271295633501,0.006513242662848961,0.20047745168217612,0.0,0.026042949176807443,0.26540658554044383,0.044138869005010746,0.1686957766642806,-0.02541159627773801,0.05421116678596993,0.20408661417322835,0.0,0.9989284180386543,0.8770357909806731,35.99562634216177,1.238476020042949,0.044138869005010746,-0.02541159627773801,0.18141445955619181,0.006193271295633501,0.0,66.66602720114531,43.50321403006443,70.16622047244094,80.89261989978525,44.31169076592698,6.9328353614889044,18.528803865425914,16.016602004294917,1.330989262705798,29.853264853256977,3.0361181102362202,13.180227630637079,13.078314960629921,0.20001002147458843,28.662108804581248,0.2838840372226199,2.783696492483894,1.1591181102362205,0.0,0.012763063707945598,0.0,0.0,1.9145891195418754,62.19554974946313,3.5239212598425196,5.025159627773801,232.08191123836792,0.0,0.14802791696492482,0.038478167501789555,0.038370794559770945,1.5190558339298497,0.058631352899069435,0.1419799570508232,0.0,1.9460486757337152,0.25087186828919117,0.5979384395132428,0.006546886184681461,0.1420300644237652,17.76332140300644,0.0,48.10821045096636,0.8250615604867574,0.16974230493915532,51.115798138869,1.9895418754473873,0.31726342161775234,0.9212899069434501,0.7525497494631354,1.2504939155332857,1.7205468861846813,0.005965640658554045,7.828130279169649,0.8831295633500358,2.9900314960629926,131.68891839656405,533.0956879026487,55.58393414459556,16.00928632784538,1.6042412312097354,14.855506800286328,2.925474588403722,55.58393414459556,25.273258410880455,0.04525411596277738,0.19566714387974232,0.10059556191839655,0.0713092340730136,0.11571725125268432,0.12235719398711525,0.0713092340730136,18.7780821917808,16.70588231586044
David Alaba,49.219055264492134,52.01392597600135,0.8758171370627007,0.8431434848740916,0.2588718945411526,18.42883217846882,5.512875612641541,1.400316883555856,37.007128612472535,1.2263756971438229,0.42392090586445835,0.9348800067601826,2.0130902484367077,3.4388727395639687,9.413244887611967,1.1408940341389218,14.084737197904344,0.4929727902653372,1.0041186412033127,1.9413393611627512,0.037878147709988166,1.0195158019266521,0.6360621936792293,0.0921505830657428,0.0,0.0,0.28243620077742104,0.0069891837079601145,0.030758830488423188,0.41233479803954703,0.06193172215649823,0.32080361669765084,0.028180665877978708,0.12261365556870035,0.3282508027716749,1.3531079939158357,0.835746155146189,2.386379922257901,50.530595741085016,1.011256548926821,0.06193172215649823,0.028180665877978708,0.22112303532195368,1.4619283420652356,0.0069891837079601145,73.46683285448707,45.56499915497718,77.36195707284097,87.79400033800913,64.82958171370628,10.555237451411188,25.37134527632246,25.242358458678385,1.4257879837755618,47.60098360655738,4.804599459185399,19.5899349332432,22.17745563630218,0.21244549602839277,43.74430370119993,1.750193510224776,2.7518548250802777,1.7965294912962648,0.0,0.01566249788744296,0.0,0.0,2.4707892513097853,86.79158695284774,3.809547912793645,7.337269731282745,315.80577573094473,0.0,1.195691228663174,0.02196890316038533,0.030370965016055435,2.190706439073855,0.06001183031941863,0.14445411526111204,0.0,3.642389724522562,0.3270931215142809,0.5407867162413386,0.09732381274294406,0.19054250464762548,35.32417610275478,0.023769646780463075,43.4984958593882,0.6386420483353051,0.3175350684468481,49.239183707960116,1.894663680919385,0.2870153794152442,0.9354478620922767,0.6679102585769816,1.2413740070981916,1.469634950143654,0.06095234071319927,8.897474226804123,0.7227353388541491,2.7295191820179148,166.42669089065404,828.1003946256549,74.05873162075376,25.530211255703904,2.0245293222917016,20.414046814263987,2.6610300828122355,74.05873162075376,28.777492817306065,0.19026871725536587,0.33670356599628193,0.05418624302856177,0.033751056278519515,0.3646417103261788,0.3082178468818658,0.033751056278519515,29.4082191780822,16.11809565095832
Rodrigo De Paul,45.97462326702833,43.189150090415914,2.058827606992164,1.6252983725135624,0.13672694394213383,18.355756479807113,3.2820433996383365,1.7095840867992766,19.554376130198914,0.7352561784207353,0.32299879445449065,0.7858921036769139,1.408948161543098,1.6562115732368896,4.095626883664859,0.24417721518987343,3.0378541289933696,1.0832941531042797,0.6233905967450271,1.4078752260397829,0.0,1.0023025919228452,0.3772121760096444,0.10773056057866186,0.0,0.0,0.16427365883062087,0.05577456298975286,0.0,0.32640144665461124,0.13288125376732973,0.26960819770946354,0.027619047619047623,0.12999698613622665,0.39333634719710675,0.7883996383363473,0.5440295358649789,1.491021699819168,25.309921639541894,1.7631886678722122,0.13288125376732973,0.027619047619047623,0.4345509342977698,0.8153887884267631,0.0,59.78574442435201,37.89002411091019,64.34361060880047,76.27899336949969,28.726850512356844,4.938369499698613,8.598908981314045,11.555373719107898,1.5733921036769136,17.14288125376733,1.9531826401446655,5.612266425557565,8.817799879445449,0.37907474382157924,22.89306208559373,0.7594032549728752,1.763050030138638,0.8670584689572033,0.0,0.028227848101265825,0.0,0.0,1.1659915611814347,37.62088607594936,2.6018444846292947,6.073887884267631,108.36124773960216,0.0,0.6228571428571428,0.028227848101265825,0.054626280892103675,1.6846172393007837,0.1364255575647981,0.054626280892103675,0.0,2.575970464135021,0.21930982519590114,1.056196503918023,0.0,0.2991289933694997,28.885412899336952,0.0,29.901175406871612,0.43576250753465945,0.08027124773960218,68.52613019891501,1.1941289933694996,0.32406871609403254,0.5169168173598554,0.3531434599156118,0.6773206751054852,1.4919439421338154,0.028227848101265825,0.5668444846292947,1.0319861362266425,1.7341259795057262,89.7292405063291,291.074879445449,39.54880650994575,18.553872814948765,2.84746835443038,5.590792646172393,1.9239119951778179,39.54880650994575,15.732507534659431,0.08315551537070526,0.31278481012658227,0.09791742013261,0.10804701627486438,0.23207052441229656,0.20571729957805907,0.10804701627486438,28.641095890411,17.034386382832476
Igor Zubeldia,42.9,0.0,4.24,3.18,0.15,15.0,2.27,1.21,21.52,0.61,0.3,0.15,1.9700000000000002,0.0,0.0,0.0,1.67,2.12,0.0,0.15,0.0,1.52,2.42,0.0,0.0,0.0,0.15,0.15,0.0,0.3,0.15,0.3,-0.14,0.05,0.11,0.0,0.15,0.76,20.91,4.55,0.15,-0.14,0.3,0.0,0.0,74.7,80.0,86.7,78.2,22.73,0.76,6.82,11.82,0.9099999999999999,16.97,0.61,5.91,9.24,0.15,28.330000000000002,0.0,1.67,0.3,0.0,0.0,0.0,0.0,0.3,26.36,1.67,4.85,55.45,0.0,0.15,0.0,0.0,1.36,0.45,0.15,0.0,2.12,0.0,3.33,0.0,1.36,40.9,0.0,50.0,0.61,0.0,50.0,0.76,0.3,0.15,0.3,0.15,1.21,0.3,0.0,0.61,0.9099999999999999,80.91,236.66999999999996,37.88,13.79,4.55,4.85,1.8199999999999998,37.88,19.55,0.15,0.35,0.09,0.29,0.05,0.06,0.29,27.0109589041096,16.90655301132259
Jan Oblak,49.80449284191289,39.614285714285714,1.8500015229972586,1.8357523606457506,0.09695705147730733,16.426012793176973,4.466318915625951,1.57448674992385,20.462742918062748,0.6871702710935121,0.14808559244593358,1.3044745659457813,2.8658422174840084,0.0,0.3453975022844959,0.0573119098385623,0.6685379226317393,0.6599238501370698,0.8390222357599757,2.1375830033505943,0.026612854096862627,0.9296984465427962,0.5629667986597624,0.0,0.0,0.0,0.09695705147730733,0.026612854096862627,0.0,0.12069905574169966,0.10844045080718855,0.20539750228449588,0.01504264392324094,0.10199969540054828,0.34860036551934204,0.0,1.3980322875418825,0.7144517209869022,32.80277946999695,1.3840953396283888,0.10844045080718855,0.01504264392324094,0.04182759671032592,0.0,0.0,71.68572951568687,53.36280840694487,80.60595491928113,76.9864757843436,33.55524215656411,4.606218397806884,12.868492232713981,13.489220225403594,1.1795979287237284,24.122956137678955,2.465991471215352,10.443236369174537,10.38970606152909,0.08105391410295462,23.658448065793483,0.2711072190070058,2.1395750837648495,0.5907965275662503,0.0,0.0,0.0,0.0,1.012301248857752,56.49984313128236,3.482721596101127,1.5203837953091686,128.37645903137374,0.0,0.026612854096862627,0.026612854096862627,0.026612854096862627,1.2756548888212003,0.1535805665549802,0.10844045080718855,0.0,1.6156868717636306,0.2459031373743527,1.1250197989643618,0.0,0.3437633262260128,29.66306731647883,0.0,45.1586201644837,0.49635394456289983,0.42504416692049957,53.50248248553152,1.9982272311909839,0.25906487968321656,0.8514209564422784,0.8906122448979592,1.1089369479134936,1.0974169966494058,0.12434358818154129,0.3042049954310082,0.5917621078282058,3.4003457203777034,110.31237282972891,427.6586612854096,46.69926286932683,9.827681998172405,1.9594501979896437,14.074104477611941,3.6739734998477,46.69926286932683,23.139917758148034,0.19322570819372525,0.19288151081328053,0.08087115443192203,0.09339780688394761,0.06695705147730735,0.09948370392933294,0.09339780688394761,24.6794520547945,17.034386382832476
Djené,56.08657894736842,37.01185463659147,1.4798596491228069,1.9624736842105264,0.14841228070175438,14.1443984962406,5.323918546365915,1.577078947368421,24.078179197994988,0.8778684210526316,0.23628822055137846,1.2539185463659148,1.8636378446115285,0.0,0.777799498746867,0.1717406015037594,0.8912593984962406,0.42623182957393485,0.7574924812030074,2.008494987468672,0.022383458646616543,1.6916829573934837,1.264249373433584,0.0,0.0,0.011664160401002505,0.316437343358396,0.02206516290726817,0.022383458646616543,0.37000250626566417,0.24966040100250625,0.3918646616541353,0.027575187969924805,0.168796992481203,0.5055062656641605,0.0,0.9365526315789474,0.8481015037593985,37.60270551378446,0.9918759398496241,0.24966040100250625,0.03628195488721804,0.04571177944862155,0.0,0.0,73.00318295739349,52.39997493734336,77.40335839598998,80.06953634085214,38.74025313283207,3.947385964912281,13.80465664160401,18.27963408521303,1.0537293233082707,28.454443609022555,2.12956015037594,10.758001253132832,14.659456140350876,0.2493358395989975,30.72109022556391,0.585685463659148,2.4358972431077692,0.8586704260651628,0.011609022556390977,0.0,0.0,0.011664160401002505,1.0171290726817044,47.2463671679198,3.373347117794486,2.8877280701754384,145.33088345864664,0.02206516290726817,0.04621052631578947,0.0456704260651629,0.06842230576441102,1.6009887218045111,0.13534962406015036,0.022383458646616543,0.0,1.9178132832080197,0.5198471177944863,1.4441441102756893,0.0,0.4975075187969925,33.33803258145363,0.0,48.59522556390978,0.35078320802005014,0.2130300751879699,43.86363408521303,1.870558897243108,0.15876441102756894,0.8134110275689223,0.9031428571428571,0.9786904761904762,0.7208721804511278,0.14724561403508774,0.14727192982456142,0.31450751879699246,2.8082243107769425,98.07338471177945,459.5077406015038,49.33117919799498,10.964441102756894,2.876537593984963,12.370760651629075,2.153983709273183,49.319570175438585,26.446552631578946,0.27018922305764415,0.31212280701754386,0.15017919799498747,0.2124110275689223,0.1195639097744361,0.0970325814536341,0.2220852130325815,25.5068493150685,14.508657738524219
José María Giménez,45.73833550549246,57.79189164029045,0.972696890709365,0.797398994600633,0.07458201452243529,19.00009309253398,3.643713461180414,1.1902867250046545,33.548100912306836,1.0736417799292497,0.1927220256935394,0.7288372742506051,2.6566738037609383,0.0,1.7171988456525789,0.35852075963507724,9.70337181158071,0.7868218208899647,0.9396453174455409,1.6664271085458944,0.03478309439582945,0.7857829082107615,1.9196518339229196,0.0082219326010054,0.0,0.0,0.1335179668590579,0.015994228262893317,0.0,0.1595112641966114,0.017211878607335692,0.09179389312977099,-0.012184881772481846,0.029396760379817536,0.23836622602867252,0.0,0.6379696518339228,0.6036408490039098,42.23576149692794,1.2650148948054367,0.017211878607335692,-0.012184881772481846,0.06711692422267734,0.0,0.0,80.95784770061441,50.8385868553342,84.20634891081735,90.23340160119159,52.02051852541427,5.034610873207968,19.88987060137777,24.23193073915472,1.0759318562651274,42.19368925712158,2.556855334202197,16.789966486687767,21.90169800781977,0.08396201824613665,38.37325079128654,0.9403900577173709,1.7918171662632654,0.6439936697076895,0.0,0.0181307019177062,0.0,0.0,1.6582954757028485,79.0487460435673,2.5988800968162353,3.0668758145596726,212.85279463787,0.0,0.09056041705455223,0.026456898156767827,0.09066468069260845,1.0660361199031836,0.050673059020666544,0.0082219326010054,0.0,1.3328709737479054,0.3848501210202942,0.3959737479054179,0.0,0.084438652020108,18.506646806926085,0.0,45.12349655557624,0.8127806739899459,0.22479054179854774,49.07651275367716,1.608144665797803,0.11722118786073356,0.9305064233848446,0.5604170545522249,1.132126233476075,1.7342533978774903,0.09331688698566376,8.764758890336996,0.8379696518339229,2.244337181158071,173.25504002978963,671.4662893315956,62.536062185812696,11.764498231241856,0.9400865760566001,21.717086203686463,3.561395457084342,62.536062185812696,29.57653975051201,0.16599609011357291,0.09499627629864085,0.07629677899832434,0.029396760379817536,0.07406442003351331,0.06611059393036679,0.029396760379817536,32.0684931506849,16.811242831518264
Jhon Solís,48.08609226594301,55.558429443690635,0.8755181478968793,0.8025169606512891,0.09394843962008143,24.554248643147893,5.7947065807327,1.2662508480325645,29.66671556987788,1.543064789687924,0.29661380597014925,0.8106114314789689,1.604693012211669,3.02297829036635,5.389504748982361,0.3646446743554953,12.546784260515603,0.4587033582089553,1.0240239145183176,1.834635345997286,0.04694453867028493,0.7086694369063772,1.1981063432835821,0.061940298507462695,0.0,0.040234056987788334,0.0793597354138399,0.0,0.008433683853459974,0.18393063093622794,0.06935210312075983,0.15959040027137042,0.018900949796472184,0.07912567842605156,0.2755859905020353,1.7482089552238804,1.477902815468114,1.734363975576662,40.18414433514247,1.258922998643148,0.0633047829036635,0.01688517639077341,0.09926560379918589,0.7857996947082768,0.0,71.34810888738127,47.2022303256445,74.80107700135684,86.22010685210313,52.916595997286294,10.759759158751697,20.01139246947083,19.64504240162822,1.0986863975576662,37.84802323609227,5.12054698100407,14.989233378561735,16.967548337856176,0.18398066485753053,31.7331512890095,1.8698007123473541,2.878744911804613,0.9471870759837178,0.008063093622795114,0.0,0.008063093622795114,0.03092605156037992,1.959726085481683,80.51860329036634,3.4744504748982368,4.38675118724559,259.65179782903664,0.0,1.2292155698778833,0.038450644504748985,0.13865162822252375,1.622394843962008,0.13825474898236093,0.0633047829036635,0.0,3.22832513568521,0.13019165535956584,0.8937398236092265,0.16980749660786973,0.23678595658073273,27.560931139755766,0.0,43.22324457259159,0.6121166892808685,0.4502781546811398,49.191451831750335,2.1288814450474898,0.24526458616010854,1.0542715400271372,0.8333844979647219,1.3365035617367707,1.4044207937584803,0.040234056987788334,7.655623303934872,0.6860150949796472,3.609179952510176,163.71974983039348,700.5304155359566,63.42263907734057,19.716898744911802,0.9389916892808684,16.446316994572594,2.1682242198100403,63.41457598371778,27.94821065128901,0.15262381275440975,0.17202594979647218,0.050329036635006784,0.046419606512890094,0.14126356852103122,0.12956919945725917,0.052466926729986436,30.7095890410959,15.068273526459642
Natan,24.83380120607195,38.06803909336661,3.35724994801414,1.0674568517363279,0.12022665834892911,13.665325431482637,3.704089207735496,0.8900311915159076,20.7630744437513,1.254210854647536,0.8240944063214806,0.42778956123934286,0.5521657309211894,0.0,1.2922333125389893,0.15981597005614473,1.7488043252235392,1.959438552713662,0.27022665834892906,0.7017404865876482,0.0,1.0568059887710544,1.7241900603035973,0.0,0.0,0.047592014971927644,0.1868215845290081,0.028462258265751716,0.026925556248700352,0.29197754210854643,0.5232532751091704,0.6457766687461011,0.05299854439592432,0.1853067165730921,0.42330526096901644,0.0,0.18844770222499482,0.9638365564566438,20.86901122894573,3.405512580578083,0.4745716365148679,0.04903410272405906,0.34653670201705133,0.0,0.0,68.96102100228738,61.64768143065086,72.63396756082345,77.01181118735704,22.748920773549592,1.8239051777916406,6.906272613849033,11.268026616760242,0.8887502599292992,15.719515491786233,1.1331420253690998,5.015880640465793,8.694223331253898,0.13110521938032857,24.870138282387188,0.037339363693075486,1.0940528176336037,0.6254585152838428,0.05538781451445207,0.0,0.045966936993137864,0.0564410480349345,1.9303389478061967,47.57377105427324,1.9736244541484715,6.689209814930339,44.74595550010397,0.0,0.00814410480349345,0.028423788729465584,0.3291734248284466,1.6388573508005821,0.3068673320856727,0.1322333125389894,0.0,2.440864004990643,0.14113329174464545,2.5644583073404035,0.0,1.067559783738823,41.44333541276773,0.0,45.331264296111456,1.1723819920981493,0.21773445622790602,51.668340611353706,0.7867935121646912,0.27076731129132875,0.18731545019754625,0.32599604907465174,0.4415938864628821,2.5749137034726552,0.11163755458515284,0.3929465585360782,1.3191765439800374,0.9725265127885218,109.90314410480349,238.66139634019547,35.221526304845085,16.750221459762944,5.007028488251196,3.1817384071532544,0.7479008109794136,35.16397795799543,15.869682886254937,0.047217716781035556,0.566234144312747,0.16447598253275109,0.42783426907881056,0.10268766895404449,0.13425764192139739,0.47255146600124764,29.9808743169399,16.012735135300492
Natan,68.82760889451833,56.396298641897125,1.0641598057842518,2.337927661670537,0.026862993455773695,12.028608120470059,5.930815565407079,0.9299897966364084,49.678840686791915,0.5226183942016748,0.021205052424178455,0.3376300049257617,3.885790584758286,0.0,0.14202378439237212,0.050238899444092606,1.623370980226585,0.3003236929139399,0.4648712265146717,0.800711772570544,0.05401308845260713,0.7543434663289001,0.3045939764970798,0.0,0.00341425656181831,0.0,0.06597248610231511,0.017614172120188586,0.0,0.08792660615016537,0.0473031454507072,0.07662620505242418,0.014629160509464502,0.08692667651819014,0.32613785096052356,0.0,1.23187636338048,0.2094683695728661,69.40498029695307,0.40842234888466683,0.0473031454507072,0.014629160509464502,0.027574766026317643,0.0,0.0,90.77857997326015,74.04166138906481,93.99684047568785,93.47518823446626,71.12703961719794,7.675142143410035,36.748137006544226,25.264355077052986,0.3047832664837098,64.6855238899444,5.636281401731054,34.55028745338119,23.75655513334741,0.0970030258250651,57.070754697065645,1.2456382379846598,4.570125958764337,0.1681257476602632,0.0,0.01584124973611991,0.0,0.0,0.5336060094293154,141.54578882555765,4.550391598057842,0.20399162620505243,407.6217064246007,0.0029441981563577513,0.012235943987052283,0.015472169446203644,0.00341425656181831,0.6100056294419817,0.07535254380409541,0.009222433326296532,0.0,0.7287682077264093,0.5998606713109563,0.5143251706424601,0.0,0.13187178945886988,25.067641263809726,0.0,67.67388290760678,0.2720505242417845,0.2762194778692562,23.888530011962565,0.980783196115685,0.04392829498275983,0.6521479839560903,0.2858936739145732,0.6328907184575329,0.35834248117655343,0.057497713039194986,0.19965625219900082,0.07991837309126733,2.2149261135739917,258.654897614524,1197.0908190838086,80.12578847371753,3.3579396242347475,0.9688825557666596,32.09959151361622,7.1668798817817185,80.12578847371753,45.024489479980296,0.1373038491309549,0.058848779114770246,0.07445746252902682,0.034405742030821196,0.042948772077967774,0.023335796214200268,0.034405742030821196,29.9808743169399,16.012735135300492
José Ángel Carmona,45.76326737199582,45.1853513584117,0.6499732236154651,0.5499007314524554,0.30007445141065836,22.536775078369903,6.501169670846395,1.0512888584117033,60.93117228317659,2.2146238244514107,0.19210782392894465,1.09056263061651,1.1085615856844304,4.639540556426333,7.0986285266457685,0.458198145245559,10.99155564263323,0.5371829284221525,0.8472671760710554,1.9368707549634274,0.05352958463949843,0.705667776907001,1.3424702847439915,0.15347929728317658,0.0062486938349007315,0.012318443051201671,0.41987297544409613,0.025486219958202713,0.022865726227795195,0.6411977533960292,0.09336272204806687,0.39267600574712636,0.024214668234064783,0.1037846133751306,0.25233607628004184,2.03720578631139,1.0757448406478578,2.6130727533960294,81.047782784744,0.9314181687565308,0.08770147596656218,0.022768416927899687,0.07182961076280042,1.9303017241379308,0.0,85.54002416405434,64.4216790752351,89.57110762800417,93.2987722048067,92.41270833333333,14.532034352142112,38.08532784743992,36.491772792580974,0.8948254636886102,79.21762571839079,9.355550875130618,34.18027298850574,34.123320271682346,0.37418168756530823,72.49375587774296,3.1678209900731455,8.318189328631139,2.071510253396029,0.005661246081504702,0.009097439916405435,0.005661246081504702,0.006042319749216301,2.2512428160919535,149.11229819749215,9.394797217868339,4.31867750783699,433.12133000261235,0.005593978578892372,1.4368851227795192,0.046865856844305116,0.09280564263322882,3.072302115987461,0.10247289707419016,0.07617914054336468,0.0027517633228840124,4.827411833855799,0.20308189655172415,0.9680714472309301,0.08492456896551724,0.3555361807732498,37.23955067920585,0.05212904911180773,57.01700300417973,0.637691026645768,0.8069563087774294,39.32041536050157,1.6839782523510973,0.23303846656217345,0.684709051724138,0.7672671760710553,1.0169945141065833,1.1223886494252873,0.45425940438871476,3.156810671368861,0.4535501567398119,2.7595741901776387,329.593686977534,1447.515205721003,100.66355309561129,28.48917221786834,1.1486735893416926,18.748412682863112,2.8210165229885056,100.65789184952979,54.06410723615465,0.15283274555903867,0.34847439916405437,0.07274131400208987,0.06474007314524556,0.3398654649947753,0.2833405172413793,0.0698723223615465,18.1068493150685,16.11809565095832
Igor Zubeldia,30.101026694045174,0.0,6.980051334702258,3.0001540041067765,0.09,12.9,2.9106160164271047,0.8349743326488706,15.290308008213552,0.37,0.28,0.46,1.250205338809035,0.0,0.28,0.0,1.1049743326488708,1.250205338809035,0.0,0.46,0.0,2.2651796714579056,1.5699486652977415,0.0,0.0,0.0,0.18497433264887067,0.09,0.0,0.28,0.18497433264887067,0.28,-0.18497433264887067,0.09,0.22,0.0,0.5549743326488707,1.2049743326488707,17.79071868583162,2.9549229979466123,0.18497433264887067,-0.18497433264887067,0.74,0.0,0.0,63.2,33.3,64.79691991786449,69.10051334702258,19.080667351129364,0.28,4.850102669404517,10.630667351129365,0.7874871663244353,12.05538501026694,0.09,3.144922997946612,7.345539014373717,0.18497433264887067,20.280667351129363,0.0,0.37,0.37,0.0,0.0,0.0,0.0,0.46,23.189383983572895,0.6449743326488707,4.804871663244353,17.741899383983572,0.09,0.0,0.0,0.28,1.4799486652977412,0.18497433264887067,0.09,0.0,2.0299486652977414,0.0,2.124922997946612,0.0,0.8349743326488706,39.1,0.0,51.64152977412731,0.74,0.0,48.35847022587269,0.28,0.09,0.09,0.09,0.0,1.430205338809035,0.09,0.18497433264887067,0.6952310061601642,0.8349743326488706,62.69426078028747,146.59754106776182,31.051078028747433,12.754666324435318,3.969897330595483,3.3253850102669404,1.250205338809035,31.051078028747433,15.47625770020534,0.28,0.5,0.18,0.37,0.14,0.13,0.37,27.0109589041096,16.90655301132259
Igor Zubeldia,50.4431653517952,39.94833360167444,1.3757961680888746,1.5368104975044279,0.1002737079375302,15.899694091128643,5.274310094992755,1.113965545000805,30.286412815971662,1.8664466269521816,0.9547963290935437,1.1603284495250363,1.287848977620351,0.0,1.0734632104331026,0.1470536145548221,2.8990613427789405,1.3456786346804057,0.7976509418773144,1.9562920624698117,0.030932217034293996,1.8547689582997906,1.0715037836097248,0.0,0.0,0.0,0.20204153920463694,0.028993720817903718,0.0,0.23448720012880375,0.18639671550474965,0.2900692320077282,-0.04141362099500886,0.07918209628079215,0.25037836097246824,0.0,0.6657462566414427,0.9121816132667848,36.03559974239253,2.737940750281758,0.18639671550474965,-0.04141362099500886,0.15816937691193045,0.0,0.0,76.19138625020125,52.32915794558043,80.61276767026244,83.62645306713895,39.12293028497827,3.1169038802125266,13.808533247464178,19.27399452584125,0.9496715504749638,29.72015617452906,1.6237691193044597,11.06924005796168,16.085973273224923,0.18995652873933344,35.83663500241507,0.2612703268394784,2.4344855900821125,0.8379327000483013,0.0,0.015185960392851392,0.0,0.0,2.710040251167284,87.08667203348898,3.2324118499436487,6.767097085815489,119.73343422959267,0.0,0.013691837063274835,0.015746256641442604,0.13058766704234423,1.740508774754468,0.24507969731122203,0.32013524392207376,0.0,2.462547093865722,0.2151505393656416,2.259127354693286,0.0,0.6977411044920303,30.747753984865565,0.0,46.57108356142328,1.9280051521494124,0.1736081146353244,48.65792947995492,1.8982096280792145,0.3030687489937208,0.7684382547093866,0.826702624376107,1.2593318306230883,4.086277572049589,0.21861696989212687,2.6222717758815004,1.984424408307841,2.5636531959426825,182.85302527773302,455.4467702463371,53.20746256641442,18.445097407824825,3.840054741587506,9.477272580904845,1.8384559652229917,53.20746256641442,26.472959265818712,0.23179842215424248,0.3457430365480599,0.1016293672516503,0.22949766543229758,0.12850909676380617,0.11624537111576236,0.22949766543229758,27.0109589041096,16.90655301132259
Alejandro Balde,38.42685820203892,32.26937905468026,2.129943157244362,1.3517330861909176,0.22334816187828235,14.868297806611059,3.0917831325301206,0.6412153228297807,21.625142415817113,0.9329409947482238,0.702836577077541,0.6673673154155082,0.6016589434661723,0.16499165894346618,1.512802594995366,0.2014587581093605,1.4588365770775409,1.5292282978066112,0.31183935742971886,0.9789731232622799,0.0,1.7460797034291007,1.361167747914736,0.005817114612295336,0.0,0.05064133456904542,0.31722211924621563,0.04412666048810627,0.027652147049737414,0.444518999073216,0.4066771702193389,0.6315304294099474,0.03355576150756874,0.17650478838430642,0.37953475440222423,0.06099413036762435,0.18783626814952117,1.2696614148903307,25.13366017917825,2.540924312635156,0.3856886005560704,0.0363985171455051,0.6617256719184429,0.08783194315724435,0.006020389249304912,67.55645968489343,55.93142415817115,69.27489650911338,77.29059005251776,26.772874884151992,2.5239042323138707,7.929463083101638,12.822106271238802,0.9125464936669756,18.11621995675008,1.3865332097621255,5.498463392029658,9.932447327772627,0.18324436206363917,27.764466481309857,0.13078591288229843,1.787551436515292,0.9777479147358664,0.033682421995675005,0.005215940685820204,0.022493666975594684,0.04542539388322521,1.5527420451034908,41.128095767686126,3.0297318504788384,7.605417979610751,74.29225579240037,0.010803212851405623,0.07242261353104727,0.020896509113376583,0.19399752857584182,1.9847791164658632,0.22660611677479148,0.1576360827927093,0.005817114612295336,2.660565338276182,0.03264504170528267,2.26898609823911,0.04847883843064567,1.0197911646586346,45.20694470188445,0.0,46.98921841210997,0.7839901143033674,0.17178560395427867,52.221161569354344,0.9516002471424158,0.23385480383070748,0.24375223972814336,0.47440160642570284,0.4936657398826073,1.634658016682113,0.24294779116465862,0.193855421686747,0.8437046648130986,1.1391380908248379,97.14357738646896,270.9382533209763,36.79753537225826,17.139045412418906,4.531241272783442,3.0321958603645354,0.6277454433117083,36.76355452579549,16.96667469879518,0.1885282669138091,0.5532418906394809,0.1553141797961075,0.3466703738029039,0.16127710843373494,0.2051523015137473,0.37283781278961997,23.5753424657534,17.72753356339242
Natan,58.6,66.7,1.44,2.04,0.1,16.9,3.43,1.39,39.47,0.7,0.0,0.5,5.31,0.0,0.45,0.15,4.42,0.1,0.99,1.49,0.05,1.09,0.5,0.0,0.0,0.0,0.1,0.05,0.0,0.15,0.0,0.1,-0.03,0.0,0.0,0.0,1.14,0.45,53.07,0.74,0.0,-0.03,0.1,0.0,0.0,83.4,54.3,90.9,92.6,57.58,11.07,28.35,16.88,0.62,48.0,6.01,25.76,15.64,0.1,44.58,0.99,3.62,0.45,0.0,0.0,0.0,0.0,0.79,107.67,3.72,0.25,343.62,0.0,0.05,0.05,0.0,1.04,0.2,0.0,0.0,1.34,0.5,0.79,0.0,0.15,18.8,0.0,55.6,0.25,1.09,44.4,1.69,0.1,1.09,0.5,0.84,0.45,0.05,0.79,0.2,2.83,198.62,964.34,70.04,3.57,1.14,34.2,10.57,70.04,32.52,0.15,0.07,0.04,0.03,0.03,0.04,0.03,28.7534246575342,16.012735135300492
Djené,51.422218960962724,38.65283240387438,1.5346052245377166,1.5811212210155563,0.10650719107719402,17.04608159671265,3.671394188435574,1.292653360727913,24.06408864103317,1.769002054593484,0.5555532726739066,1.1625917229233929,2.378456119753449,0.5287466979747578,2.324006457293807,0.34199295567948346,2.8501291458761373,1.1625917229233929,0.7412239506897564,1.8996888758438508,0.0,1.080055767537423,1.08088641033167,0.1054241267977693,0.0,0.0,0.051731728793660114,0.026970942177869092,0.21480774875256825,0.3959377751687702,0.2406956266510126,0.3430760199589082,-0.0008423833284414454,0.1075315526856472,0.34257998238919873,0.21372468447314355,0.6598503081890225,0.9784619900205459,26.390375697094218,3.568441444085706,0.2406956266510126,-0.0008423833284414454,0.12856471969474612,0.3150220135016143,0.0,72.0367185206927,55.107308482535956,77.3144115057235,79.58280011740534,29.323334311711186,3.4098092163193425,10.409656589374816,13.445471088934546,1.0295274434986792,21.079445259759318,1.818523627825066,8.034035808629293,10.701050777810389,0.0787026709715292,27.52369239800411,0.36979747578514827,1.3719371881420606,0.6865717640152628,0.0,0.0,0.0,0.0,2.2191312004696218,62.526677428823014,1.978142060463751,4.493299090108599,92.95971529204579,0.0,0.2643733489873789,0.051731728793660114,0.15715585559142942,1.266099207513942,0.3183152333431171,0.3171881420604637,0.0,2.375993542706193,0.29242735544467274,2.1695656002348103,0.0506486645142354,0.6616877017904315,30.309509832697387,0.0,40.41479307308483,0.8181361901966541,0.0,56.653830349280895,1.372189609627238,0.026970942177869092,0.821843263868506,0.530498972703258,0.6846551218080422,2.0828646903434107,0.026970942177869092,1.8234370413853827,1.2140798356325213,2.0361667155855594,133.45353390079248,342.7540475491635,44.46004109186968,15.266199002054595,2.6691429410038157,10.807710595832111,2.8776049310243614,44.46004109186968,18.992917522747288,0.07761960669210449,0.3423070149691811,0.11088934546521867,0.23866157910184913,0.12878191957734075,0.10777223363663047,0.23866157910184913,29.1123287671233,14.508657738524219
Natan,36.46067177995239,54.43787357841841,1.5004522613065328,0.7367336683417086,0.09683681565723354,16.127400158688175,3.333083840253901,1.1910446971700608,24.591451996826237,2.0465458873313938,1.6656889711716476,0.8359058450145465,1.2142819359957682,0.05042052367098651,2.0932081459931235,0.33343295424490876,1.4277915895265803,0.9051838138058714,0.9529225072732082,1.7852446442740015,0.025641364718328487,0.8548823062681828,1.213734461782597,0.0,0.0,0.0,0.28586352816715155,0.025641364718328487,0.0,0.31150489288548006,0.25982808780745836,0.3566649034646919,0.05805078021687385,0.11830203649828086,0.3055355725998413,0.0,0.35550912457021955,0.7634038614123249,27.447000793440893,1.8096323723882572,0.25982808780745836,0.05805078021687385,0.5703491139910076,0.0,0.0,74.68124834699815,51.138376090981225,72.94636339592701,83.42121131975667,29.065170589791062,1.5453768844221105,7.6386247024596665,16.973440888653794,0.9629106056598784,21.7101190161333,0.8116397778365513,5.570195715419201,14.166437450409944,0.19037820682359166,28.658558582385616,0.16692673895794766,0.7111901613329807,0.9501216609362602,0.0,0.05042052367098651,0.0,0.04921713832319492,3.3557630256545887,90.33367892092039,2.2352261306532664,9.307529754033323,63.53054218460724,0.0,0.023895794763290137,0.0,0.11881512827294367,1.547979370536895,0.2139539804284581,0.3091933350965353,0.0,2.2147474213171114,0.09393546680772283,2.212684475006612,0.0,0.9258582385612272,40.60044961650357,0.0,29.82438508331129,1.0233827029886273,0.047619677334038615,49.88585030415234,2.1398360222163446,0.19023009785770958,1.0950409944459139,0.856403067971436,1.2159217138323195,3.404588733139381,0.04921713832319492,0.973261042052367,1.7140491933350965,2.497262628934145,174.14570748479238,281.1393626024861,42.010793440888655,20.37448558582386,5.000248611478445,7.166059243586353,1.261137265273737,42.010793440888655,15.091459931235125,0.025641364718328487,0.32948161861941283,0.09372917217667283,0.20544035969320285,0.16463633959270035,0.11687384289870405,0.20544035969320285,29.9808743169399,16.012735135300492
Natan,28.961707106786548,37.661965759329966,1.4633304594161842,0.5635915753171573,0.1657248429609558,17.316381327749724,3.9465944081783473,1.153108757236113,25.959849735189064,1.750705751939894,1.2539302869811553,0.7089629264687769,0.48787412242887057,0.06546495873876093,1.9632848873013917,0.23344746890011087,0.9986697869195714,1.8953294740731617,0.4308880403990639,1.1429203103830523,0.0,1.4955548712895677,2.4384333045941617,0.0,0.0,0.08777681980539476,0.2550387978815125,0.0,0.03431210740238946,0.3782214558443158,0.33119965512994215,0.498018228845917,0.06436383791107278,0.1388052715851706,0.321283409286858,0.0,0.42094100258652545,1.185597980046804,24.274527651188567,3.370252494149526,0.33119965512994215,0.06436383791107278,0.6082534794925484,0.0,0.0,73.04793693804656,49.31934967360513,74.39329966744673,85.81737898756005,25.40527774356448,1.631373321837665,7.825881266165784,13.146522970809212,1.1977472595147185,18.779886685552405,0.7892006404729647,5.885533932750337,11.37372336494642,0.13307057519398943,28.699689616947897,0.055797512008868094,1.0861128217760807,0.8780625692819313,0.0,0.0,0.0,0.06767582214558443,2.9729769676068485,79.10414213573101,2.1400615839389086,8.780853553393275,54.449725335632465,0.0,0.022193619903929054,0.0777989900234019,0.47727922157901226,1.853773863776327,0.27891858603276265,0.24169232664121193,0.0,2.9495048651311735,0.055957630250030796,2.2170390442172683,0.0,0.932983126000739,41.839660056657216,0.0,32.34786303731987,1.2404347826086954,0.15609557827318638,55.06372705998276,0.9983828057642568,0.25535164429116886,0.22213326764379854,0.5220593669171081,0.6212476906022909,3.913256558689494,0.12024264071930041,0.7001613499199408,2.1388545387362976,1.4200246335755635,166.14378741224292,268.5688791723118,39.56487744796157,21.659315186599336,4.378754772755266,4.014211109742579,0.5222391920187216,39.56487744796157,14.653541076487251,0.142263825594285,0.41590589974134745,0.1157149895307304,0.26582707229954433,0.13657716467545264,0.14784086710185984,0.26582707229954433,29.9808743169399,16.012735135300492
Natan,20.0,85.7,0.9699999999999999,0.24,0.32,14.8,3.8799999999999994,1.29,31.05,1.21,0.32,0.4,2.99,2.02,4.77,0.32,8.57,0.49,2.43,2.83,0.0,0.57,1.29,0.16,0.0,0.0,0.4,0.0,0.0,0.57,0.24,0.57,0.07,0.27,0.6,1.7,0.73,1.78,36.39,1.21,0.24,0.07,0.0,0.0,0.0,78.6,46.4,79.4,93.5,45.28,4.53,13.75,22.56,1.375,35.58,2.1,10.92,21.11,0.32,33.07,0.89,1.9399999999999997,1.05,0.0,0.0,0.0,0.0,2.35,87.09,3.48,6.55,150.65,0.0,0.81,0.0,0.16,1.78,0.08,0.0,0.0,2.83,0.0,0.89,0.0,0.4,45.5,0.0,31.8,0.57,0.16,63.6,3.4,0.65,1.78,0.9699999999999999,2.43,1.78,0.16,5.66,1.13,4.12,159.78,513.96,58.71,20.22,2.91,15.36,2.26,58.71,23.85,0.08,0.32,0.19,0.17,0.16,0.15,0.17,33.854794520548,16.012735135300492
Nicolas Pépé,46.3804260651629,57.09681704260652,1.219547201336675,1.0448404344193818,0.03879114452798663,11.888989139515456,4.203076023391813,1.0456591478696742,27.189508771929827,0.9490534670008353,0.16399582289055972,0.8564695071010859,2.9551094402673352,0.0,1.0669899749373435,0.14436591478696742,6.270473684210527,0.4648646616541353,1.16646783625731,2.020765246449457,0.021808688387635757,0.849970760233918,0.9245923141186299,0.006942355889724311,0.0,0.01427903091060986,0.07548621553884712,0.0,0.006942355889724311,0.10538512949039265,0.05313951545530493,0.08913366750208854,-0.0012322472848788643,0.13425981620718463,0.3306307435254804,0.0,1.4129498746867166,0.3604335839598997,34.14523976608187,1.3087602339181286,0.05313951545530493,-0.0012322472848788643,0.08255388471177945,0.0,0.0,77.86733500417711,47.41511278195489,84.0624060150376,86.31800334168756,40.59405346700083,4.993401837928153,17.6242305764411,15.850113617376774,0.7244444444444444,31.64078195488722,2.4566499582289056,14.867630743525483,13.669791144527984,0.1802314118629908,27.991309106098583,0.5697000835421888,2.173436925647452,0.4119523809523809,0.0,0.022066833751044276,0.0,0.02200501253132832,1.444705931495405,81.2322030075188,2.885345029239766,1.9469741019214701,216.15529908103593,0.02122138680033417,0.02392481203007519,0.03936257309941521,0.15085547201336674,0.7906683375104429,0.05204010025062656,0.052752715121136176,0.0,1.1056449456975772,0.48836006683375105,0.41193233082706765,0.0,0.12081286549707604,26.7634335839599,0.0,42.54832915622389,0.49434085213032586,0.1275814536340852,49.39745196324144,2.5038437761069336,0.17453717627401838,1.5850075187969925,0.7448588137009189,1.6234502923976608,1.1420050125313284,0.0217468671679198,5.689947368421053,0.5631136173767753,3.915570593149541,156.82040267335003,553.3836741854637,51.98473600668338,8.871462823725981,1.066344193817878,21.03693065998329,4.060977443609023,51.98473600668338,22.624858813700918,0.12805931495405182,0.10040685045948203,0.16168671679197996,0.053309941520467835,0.04626900584795321,0.050646616541353384,0.053309941520467835,23.6465753424658,15.830413578506539
Natan,50.862294390552506,83.85158161113455,0.9112020244622522,0.9456938000843527,0.07850274145929988,7.5,4.477060312104597,1.4452678194854491,38.41657950231969,1.1389835512442008,0.34275411218894986,0.15125685364824967,5.007912273302404,0.0,0.8727541121889499,0.07850274145929988,5.657507380851961,0.6837157317587517,0.796229439055251,0.9474862927035005,0.22975959510754956,1.4817376634331505,1.2117376634331505,0.0,0.0,0.0,0.07850274145929988,0.0,0.15125685364824967,0.22975959510754956,0.07850274145929988,0.15125685364824967,0.05850274145929988,1.0,1.0,0.0,1.251978068325601,0.266229439055251,48.17136651202024,0.8689835512442008,0.07850274145929988,0.05850274145929988,0.0,0.0,0.04024040489245045,86.65027414592998,53.758034584563475,88.65267819485449,93.4526781948545,53.8633656684943,4.666950653732602,23.7634753268663,23.1185027414593,0.532125685364825,46.652032897511596,2.5057486292703497,21.068021931674398,21.600295234078448,0.04024040489245045,40.95879797553775,1.0222184732180515,3.527967102488401,0.34275411218894986,0.0,0.0,0.0,0.0,1.78425137072965,86.9635849852383,4.062404048924505,2.503956136651202,226.30916490932097,0.0,0.04024040489245045,0.04024040489245045,0.04024040489245045,0.5707212146773514,0.0,0.15125685364824967,0.0,0.8369506537326022,0.7195191902150991,0.07850274145929988,0.0,0.07850274145929988,100.0,0.0,33.335301560522986,0.7597595951075496,0.15125685364824967,56.665246731336985,1.9012020244622523,0.15323492197385072,1.4779671024884016,0.26425137072964994,1.4779671024884016,2.2797595951075493,0.0,4.629540278363559,1.2882623365668495,3.1531800927878533,195.82988190636863,748.0508435259385,67.68301560522985,9.451332770982708,1.0220328975115984,25.089814424293547,5.6185027414593005,67.68301560522985,33.47887389287221,0.15323492197385072,0.09850274145929988,0.21,0.014251370729649937,0.07425137072964993,0.08425137072964993,0.014251370729649937,23.786301369863,16.012735135300492
Hamari Traoré,40.59523182682463,59.87678806494077,0.710728389644581,0.4898873775047536,0.06469357905514116,26.702398712885767,4.974532689776218,1.1993520549948806,27.933580517770956,1.5827950855638437,0.1720403685827117,0.7370059967822143,2.184499049290624,0.028190726927014773,3.3562278777241477,0.5819218955682317,9.835556530642094,0.7098786017259032,1.0944654088050316,1.8314714055872459,0.014462483545414654,0.9469738189264297,1.1832309492467457,0.0,0.0,0.014462483545414654,0.15877431622056457,0.0,0.0,0.17323679976597925,0.0,0.06469357905514116,-0.01,0.0,0.0,0.0,1.1176495538979083,0.7351879479303788,36.592084247476954,1.369733801374872,0.0,-0.01,0.02938715811028229,0.0,0.0,69.96771976012872,44.44870557261957,73.87849934181658,84.70737165423431,46.495603334795966,7.15839549510019,17.889189703086146,18.18066842182244,1.566360977036712,32.531626444346934,3.1854395202574226,13.21677343864268,15.388471551850229,0.06796255667690508,30.368399882989614,0.41953195846131347,3.0002457218078105,1.2263726780751791,0.0,0.042653210472429426,0.0,0.0,3.026337574959778,101.96734386426795,3.568480327629077,3.6045092876992832,249.11027789966363,0.0,0.10734678952757058,0.0,0.09530349568524206,1.5252654673102237,0.05384671639608015,0.08203744332309493,0.0,1.8537999122422115,0.19734971478718735,0.36807810443176836,0.0,0.09530349568524206,25.865993856954802,0.0,41.61338306274682,0.8549510019014188,0.14553459119496856,50.8289893228024,2.013508848910341,0.11892789235044612,1.157962556676905,0.7339651894105602,1.1430378821120375,2.052786309784993,0.02938715811028229,9.3315679391546,1.041453854029545,3.131158402808249,178.93521573789675,564.1010179903466,57.538351616205944,15.704636536492615,0.499496855345912,16.534433230949247,2.685635512651748,57.538351616205944,26.079542196869976,0.1964999268685096,0.06,0.026384379113646335,0.01,0.09553751645458536,0.05,0.01,29.0465753424658,14.914122846632385
Jan Oblak,47.05744680851063,53.83900709219858,2.0576595744680852,1.8339716312056737,0.0,18.306382978723402,6.079999999999999,1.246595744680851,33.0004964539007,0.4136170212765957,0.05680851063829787,1.1101418439716313,3.4678014184397163,0.0,0.19843971631205673,0.029503546099290782,1.6115602836879432,0.19418439716312058,1.28,2.383829787234043,0.029503546099290782,1.2189361702127661,0.44460992907801417,0.0,0.0,0.0,0.05680851063829787,0.0,0.0,0.05680851063829787,0.029503546099290782,0.029503546099290782,0.025815602836879437,0.18439716312056736,0.18439716312056736,0.0,2.111702127659574,0.19361702127659577,47.264539007092196,0.6961702127659576,0.029503546099290782,0.025815602836879437,0.0,0.0,0.0,80.0482269503546,54.60851063829787,89.44822695035461,88.5758865248227,48.956099290780145,9.744539007092198,23.61872340425532,13.98609929078014,0.7364539007092199,39.18517730496454,5.331276595744681,21.12163120567376,12.380638297872341,0.08631205673758864,35.52205673758865,1.1693617021276594,3.300496453900709,0.19269503546099293,0.0,0.02524822695035461,0.0,0.0,0.5257446808510639,77.37354609929078,3.108936170212766,0.36014184397163124,291.0604964539007,0.029503546099290782,0.08482269503546098,0.05680851063829787,0.0,0.581063829787234,0.0,0.02524822695035461,0.029503546099290782,0.7479432624113475,0.4178723404255319,0.1373758865248227,0.0,0.055319148936170216,36.87943262411348,0.0,85.81631205673759,0.7256737588652483,0.41936170212765955,14.183687943262411,2.0814184397163125,0.055319148936170216,1.0572340425531914,0.975177304964539,1.3058156028368795,0.8314893617021276,0.029503546099290782,0.4421985815602837,0.11212765957446809,4.193120567375887,152.1663829787234,801.6231914893616,60.36127659574468,2.1073758865248227,0.38836879432624116,30.250638297872342,5.441560283687943,60.36127659574468,28.64113475177305,0.24950354609929076,0.026312056737588654,0.04475177304964539,0.003687943262411348,0.028439716312056735,0.018936170212765956,0.003687943262411348,24.6794520547945,17.034386382832476
Jan Oblak,21.5,34.6,2.97,0.82,0.12,17.1,4.67,1.75,32.08,1.63,0.82,0.99,1.4,0.53,4.08,0.47,1.69,1.4,0.53,1.52,0.12,1.75,1.57,0.0,0.0,0.06,0.18,0.0,0.0,0.23000000000000004,0.35,0.47,0.12,0.21999999999999997,0.5,0.23000000000000004,0.53,0.8700000000000001,41.41,2.8,0.35,0.12,0.18,0.18,0.0,72.3,53.7,75.2,86.6,43.16,3.91,14.35,20.06,2.04,31.21,2.1,10.79,17.38,0.06,39.78,0.47,1.4,1.28,0.0,0.0,0.0,0.0,2.8,73.38,3.3199999999999994,8.22,99.62,0.0,0.23000000000000004,0.12,0.35,1.57,0.06,0.23000000000000004,0.0,2.57,0.18,1.57,0.0,0.7,44.4,0.06,31.6,0.7,0.12,60.5,1.52,0.47,0.41,0.64,0.93,2.22,0.53,0.7,1.3400000000000003,2.04,173.87999999999997,480.50999999999993,56.86999999999999,27.12,2.51,7.06,1.22,56.86999999999999,23.51,0.18,0.34,0.15,0.23000000000000004,0.21999999999999997,0.10999999999999999,0.23000000000000004,24.6794520547945,17.034386382832476
Jan Oblak,37.0,44.800000000000004,1.03,0.6,0.06,18.7,4.23,0.78,24.51,1.5699999999999998,0.24,0.97,0.97,1.39,2.84,0.18,5.67,1.9300000000000002,0.78,1.75,0.0,1.21,0.66,0.0,0.0,0.0,0.24,0.12,0.0,0.36,0.18,0.24,-0.01,0.09999999999999999,0.5,1.03,0.24,0.97,29.03,2.23,0.12,-0.02,0.06,0.3,0.0,72.2,46.4,78.1,82.9,34.95,5.07,11.29,15.569999999999999,0.815,25.23,2.35,8.81,12.92,0.24,27.77,1.9300000000000002,2.17,0.72,0.06,0.0,0.06,0.0,1.39,55.84,3.32,2.96,106.66,0.0,0.54,0.0,0.24,1.45,0.3,0.06,0.0,2.6,0.0,1.27,0.18,0.24,19.0,0.0,44.0,1.33,0.12,54.0,1.87,0.0,0.85,1.03,1.27,3.02,0.24,0.72,1.63,2.11,131.29,400.73999999999995,46.300000000000004,16.66,2.11,6.94,0.78,46.239999999999995,23.84,0.12,0.21000000000000002,0.11,0.14,0.09999999999999999,0.07,0.19,24.6794520547945,17.034386382832476
Alejandro Balde,55.43781763826607,48.10457772795217,1.1148256103637268,1.412877428998505,0.0836939461883408,22.217893622321874,5.861721474838067,1.0307399103139014,33.477760961634274,1.1087705530642749,0.09055617837568511,0.7895901843547584,1.33443697060289,0.03844544095665172,0.6560033632286996,0.1058476581963129,1.2090458395615347,0.3308900099651221,0.6930636522172396,1.4858607374190334,0.02712257100149477,1.8255580468360737,0.9021948181365221,0.0,0.012401594419531639,0.012700548081714003,0.20762830094668658,0.016974962630792227,0.0,0.24810351270553063,0.14121200797209768,0.22640445939212755,0.049435724962630795,0.09909255107125063,0.37962817638266066,0.011213253612356753,1.4696493522670655,0.8339748380667663,54.95122508719483,0.7737082710513202,0.14121200797209768,0.05169905331340308,0.02232934728450424,0.011213253612356753,0.012286995515695068,82.76131664175387,61.71082461385153,85.33261086198306,88.25281514698555,56.32336883408072,5.095639636273044,21.114027777777775,26.873011335326353,0.6198604882909815,47.23053001993024,3.126848530144494,18.182642625809667,24.08029833084205,0.16347658196312906,43.96217301943198,0.9802428998505233,4.236558918784255,0.6897633283507723,0.0,0.011586945690084704,0.0,0.0064075734927752865,0.8234473094170403,67.54474028400597,4.600944818136522,0.8630910563029397,221.30921462381664,0.018358868958644744,0.022426507224713507,0.06211821126058795,0.09542227204783257,1.7869973841554558,0.2176457399103139,0.07466367713004485,0.0064075734927752865,2.2594936472346787,0.3530206776283009,1.4052472595914298,0.07849900348779273,0.34755231689088195,25.305287742899846,0.0,67.16010837070256,0.48786559541604385,0.25224962630792225,24.344052067762828,1.753800448430493,0.1686902092675635,0.8014399601395117,0.7850460886895865,0.9806489785749875,0.705362481315396,0.16429123069257598,0.10161372695565521,0.1850572994519183,3.22082399103139,151.74187717987044,750.4035793472844,65.70766816143497,10.863880792227203,0.9423841554559045,15.364966367713004,2.8091230692575984,65.70766816143497,39.96095166915794,0.32001183358246144,0.15166666666666664,0.06040047334329846,0.08940956651718983,0.07741965620328849,0.06427566018933732,0.09167289486796214,23.5753424657534,17.72753356339242
Antony,58.89634613446224,54.538846890434435,1.5559621005946982,2.221829956657595,0.04819675435943958,15.501552262876725,6.57624735409737,1.4164943050095755,48.31055891543191,0.7338453784900715,0.0827149480899103,0.6483035984275778,4.234650236871283,0.0,0.4686200987803648,0.07148825723213385,3.457158048583812,0.570213184154823,0.8128419514161879,1.4607952827335953,0.0584351375869368,0.867749218828747,0.8989003124685011,0.0,0.0,0.008612539058562645,0.1311440378994053,0.02234149783287975,0.0,0.1634643685112388,0.022809696603165,0.07100645096260458,-0.03130984779760105,0.0271383933071263,0.1342480596714041,0.0,1.389551960487854,0.24114504586231228,64.88943150892048,0.7993075294829151,0.022809696603165,-0.03130984779760105,0.012458421530087692,0.0,0.01809595806874307,85.17933172059269,60.75197560729765,91.07240701542183,90.38517790545309,68.4377270436448,8.909358431609716,35.20819977824816,22.568778348956755,0.6701433827235158,58.895034774720294,5.40675990323556,32.27719534321137,20.655319524241506,0.08977119242011894,53.38703961294225,1.9185193024896685,3.592348553573229,0.24011339582703356,0.0,0.022194839229916337,0.0,0.008877129321640963,1.1677850015119442,148.1411541175285,4.335649128112086,0.6588100997883278,397.99213889728856,0.003923495615361355,0.02699727850015119,0.026956959983872594,0.026757383328293523,0.9851481705473237,0.0857836911601653,0.05847243221449451,0.0,1.2109328696703963,0.7609444612438262,0.762420118939623,0.0,0.14553674024795887,20.254309041427277,0.0,68.25633504687028,0.6026504384638645,0.43896986190908177,30.58579276282633,1.5294007660518094,0.11277895373450258,0.8596315895575042,0.5517331922185263,1.0161047273460335,0.8984250579578671,0.08531196451970567,1.2956496320935391,0.27905150690454594,2.9163698215905653,274.1097112186271,1116.8602494708196,80.10238332829351,4.412932164096361,1.0655639552464469,36.46505342203407,8.726924201189396,80.10238332829351,39.83419967745186,0.154827638342909,0.08338776333030944,0.0762478580788227,0.05411954440076606,0.03714746497328898,0.029842253805059973,0.05411954440076606,24.9644808743169,16.811242831518264
