Player,Versus,BasedOnMinutes,scouting_period,Percentile_Average Pass Length,Percentile_Avg. Distance of Def. Actions,Percentile_Avg. Length of Goal Kicks,Percentile_Clean Sheet Percentage,Percentile_Clean Sheets,Percentile_Corner Kick Goals Against,Percentile_Crosses Faced,Percentile_Crosses Stopped,Percentile_Crosses Stopped %,Percentile_Def. Actions Outside Pen. Area,Percentile_Draws,Percentile_Free Kick Goals Against,Percentile_Goal Kicks,Percentile_Goals Against,Percentile_Launch %,Percentile_Launch% (Goal Kicks),Percentile_Losses,Percentile_Own Goals Scored Against Goalkeeper,Percentile_PSxG-GA,Percentile_PSxG/SoT,Percentile_Pass Completion Percentage (Launched),Percentile_Passes Attempted (GK),Percentile_Passes Attempted (Launched),Percentile_Passes Completed (Launched),Percentile_Penalty Kicks Allowed,Percentile_Penalty Kicks Attempted,Percentile_Penalty Kicks Missed,Percentile_Penalty Kicks Saved,Percentile_Post-Shot Expected Goals,Percentile_Save Percentage,Percentile_Save% (Penalty Kicks),Percentile_Saves,Percentile_Shots on Target Against,Percentile_Throws Attempted,Percentile_Wins
Aaron Ramsdale,Goalkeepers,300,2022-2023 Europa League,75.0,87.0,99.0,57.0,57.0,23.0,13.0,63.0,81.0,93.0,77.0,55.0,25.0,71.0,75.0,95.0,39.0,64.0,43.0,76.0,43.0,59.0,83.0,77.0,77.0,21.0,49.0,46.0,79.0,28.0,,13.0,16.0,48.0,45.0
Aaron Ramsdale,Goalkeepers,540,2023-2024 Premier League,58.0,48.0,38.0,83.0,86.0,63.0,2.0,86.0,98.0,61.0,27.0,64.0,11.0,95.0,58.0,33.0,5.0,86.0,23.0,20.0,14.0,42.0,42.0,27.0,92.0,6.0,45.0,41.0,98.0,23.0,,5.0,5.0,63.0,98.0
Aaron Ramsdale,Goalkeepers,1260,2024-2025 Premier League,63.0,23.0,64.0,23.0,25.0,5.0,52.0,57.0,66.0,13.0,14.0,63.0,41.0,18.0,70.0,59.0,91.0,70.0,30.0,68.0,34.0,95.0,88.0,70.0,32.0,66.0,50.0,38.0,9.0,41.0,38.0,95.0,98.0,77.0,9.0
Aaron Ramsdale,Goalkeepers,1350,"Last 365 Days Men's Big 5 Leagues, UCL, UEL",62.0,14.0,56.0,17.0,17.0,1.0,45.0,84.0,92.0,24.0,10.0,70.0,25.0,8.0,72.0,59.0,99.0,84.0,44.0,84.0,28.0,94.0,85.0,79.0,35.0,44.0,40.0,27.0,1.0,39.0,27.0,98.0,98.0,81.0,5.0
Aaron Ramsdale,Goalkeepers,3060,2021-2022 Premier League,37.0,79.0,79.0,79.0,79.0,83.0,17.0,52.0,56.0,90.0,6.0,77.0,13.0,67.0,40.0,79.0,25.0,50.0,87.0,37.0,10.0,75.0,48.0,37.0,33.0,73.0,90.0,37.0,71.0,75.0,37.0,33.0,21.0,63.0,90.0
Aaron Ramsdale,Goalkeepers,3330,2019-2020 Premier League,59.0,14.0,63.0,9.0,9.0,70.0,73.0,41.0,38.0,41.0,34.0,5.0,63.0,23.0,52.0,59.0,88.0,86.0,52.0,66.0,23.0,41.0,48.0,45.0,27.0,73.0,45.0,63.0,20.0,45.0,55.0,73.0,77.0,73.0,23.0
Aaron Ramsdale,Goalkeepers,3420,2020-2021 Premier League,94.0,33.0,98.0,2.0,2.0,25.0,63.0,90.0,71.0,54.0,6.0,71.0,63.0,17.0,90.0,98.0,98.0,23.0,23.0,48.0,17.0,40.0,90.0,83.0,75.0,27.0,79.0,27.0,13.0,40.0,27.0,90.0,94.0,6.0,10.0
Aaron Ramsdale,Goalkeepers,3420,2022-2023 Premier League,63.0,80.0,84.0,84.0,84.0,68.0,13.0,23.0,36.0,38.0,21.0,75.0,5.0,82.0,55.0,63.0,9.0,79.0,55.0,41.0,13.0,41.0,41.0,20.0,52.0,48.0,95.0,25.0,84.0,59.0,25.0,27.0,13.0,48.0,95.0
Alex McCarthy,Goalkeepers,450,2023-2024 Championship,6.0,1.0,1.0,31.0,31.0,99.0,1.0,4.0,14.0,4.0,4.0,73.0,14.0,9.0,19.0,1.0,90.0,84.0,19.0,75.0,31.0,59.0,1.0,6.0,89.0,8.0,39.0,38.0,14.0,21.0,,81.0,91.0,69.0,59.0
Alex McCarthy,Goalkeepers,450,Last 365 Days Men's Next 14 Competitions,3.0,1.0,1.0,22.0,23.0,99.0,3.0,8.0,18.0,1.0,1.0,69.0,2.0,10.0,8.0,1.0,96.0,77.0,7.0,80.0,9.0,74.0,2.0,1.0,94.0,4.0,40.0,30.0,20.0,13.0,,82.0,90.0,89.0,63.0
Alex McCarthy,Goalkeepers,540,2022-2023 Premier League,70.0,30.0,9.0,2.0,2.0,59.0,77.0,71.0,48.0,45.0,27.0,75.0,82.0,2.0,80.0,20.0,98.0,9.0,2.0,95.0,2.0,88.0,84.0,59.0,21.0,68.0,39.0,25.0,5.0,2.0,25.0,16.0,84.0,55.0,2.0
Alex McCarthy,Goalkeepers,1530,2021-2022 Premier League,62.0,2.0,75.0,56.0,56.0,10.0,58.0,92.0,94.0,2.0,90.0,77.0,40.0,37.0,60.0,75.0,56.0,88.0,17.0,88.0,25.0,17.0,60.0,48.0,94.0,4.0,37.0,37.0,52.0,10.0,,29.0,40.0,56.0,17.0
Alex McCarthy,Goalkeepers,1620,2017-2018 Premier League,57.0,9.0,69.0,31.0,31.0,28.0,91.0,80.0,59.0,13.0,91.0,72.0,72.0,50.0,61.0,69.0,43.0,80.0,6.0,67.0,4.0,2.0,39.0,31.0,59.0,20.0,44.0,22.0,80.0,17.0,22.0,28.0,24.0,39.0,13.0
Alex McCarthy,Goalkeepers,2250,2018-2019 Premier League,69.0,7.0,61.0,9.0,13.0,54.0,57.0,65.0,57.0,31.0,94.0,80.0,20.0,24.0,69.0,57.0,65.0,9.0,35.0,76.0,7.0,9.0,43.0,31.0,69.0,20.0,44.0,30.0,28.0,20.0,30.0,57.0,72.0,39.0,17.0
Alex McCarthy,Goalkeepers,2520,2019-2020 Premier League,73.0,38.0,70.0,59.0,59.0,52.0,66.0,91.0,88.0,63.0,30.0,77.0,23.0,63.0,73.0,73.0,45.0,52.0,73.0,86.0,55.0,45.0,73.0,73.0,73.0,30.0,45.0,73.0,48.0,52.0,86.0,45.0,38.0,5.0,70.0
Alex McCarthy,Goalkeepers,2700,2020-2021 Premier League,40.0,73.0,54.0,25.0,25.0,79.0,25.0,79.0,87.0,71.0,56.0,17.0,17.0,6.0,52.0,63.0,83.0,52.0,6.0,81.0,10.0,83.0,60.0,37.0,17.0,67.0,38.0,27.0,6.0,10.0,27.0,63.0,83.0,37.0,21.0
Alisson,Goalkeepers,180,2021 Copa América,4.0,54.0,4.0,67.0,67.0,4.0,54.0,38.0,25.0,50.0,71.0,63.0,8.0,71.0,4.0,4.0,8.0,67.0,8.0,8.0,13.0,46.0,4.0,4.0,67.0,29.0,50.0,46.0,96.0,38.0,,13.0,4.0,67.0,79.0
Alisson,Goalkeepers,180,2023-2024 Europa League,5.0,61.0,33.0,98.0,98.0,83.0,17.0,66.0,90.0,86.0,16.0,55.0,12.0,98.0,12.0,13.0,4.0,62.0,81.0,6.0,93.0,99.0,52.0,84.0,76.0,22.0,49.0,46.0,98.0,98.0,,3.0,1.0,82.0,98.0
Alisson,Goalkeepers,270,2024-2025 Champions League,44.0,82.0,53.0,88.0,88.0,77.0,53.0,20.0,17.0,82.0,26.0,58.0,36.0,91.0,61.0,41.0,7.0,59.0,60.0,5.0,60.0,88.0,66.0,64.0,73.0,24.0,47.0,42.0,95.0,89.0,,29.0,18.0,18.0,96.0
Alisson,Goalkeepers,360,2024 Copa América,3.0,66.0,3.0,69.0,72.0,75.0,47.0,3.0,3.0,47.0,97.0,53.0,31.0,75.0,3.0,3.0,9.0,50.0,34.0,9.0,72.0,78.0,3.0,3.0,66.0,25.0,41.0,47.0,97.0,72.0,,53.0,34.0,91.0,44.0
Alisson,Goalkeepers,379,2022 World Cup,5.0,98.0,15.0,93.0,85.0,68.0,38.0,10.0,10.0,88.0,48.0,52.0,5.0,95.0,12.0,18.0,7.0,53.0,28.0,37.0,45.0,12.0,5.0,2.0,72.0,23.0,48.0,43.0,98.0,55.0,,15.0,5.0,28.0,95.0
Alisson,Goalkeepers,450,2018 World Cup,10.0,76.0,8.0,95.0,95.0,40.0,23.0,39.0,45.0,79.0,50.0,60.0,5.0,94.0,5.0,6.0,21.0,27.0,53.0,34.0,89.0,5.0,2.0,11.0,73.0,23.0,45.0,45.0,98.0,26.0,,10.0,2.0,63.0,87.0
Alisson,Goalkeepers,450,2019-2020 Champions League,6.0,89.0,9.0,57.0,57.0,9.0,13.0,32.0,61.0,99.0,57.0,51.0,18.0,89.0,9.0,6.0,23.0,60.0,84.0,71.0,83.0,74.0,9.0,13.0,80.0,16.0,45.0,44.0,74.0,79.0,,30.0,23.0,71.0,82.0
Alisson,Goalkeepers,570,2019 Copa América,4.0,63.0,4.0,88.0,88.0,67.0,4.0,63.0,88.0,54.0,46.0,50.0,4.0,88.0,4.0,4.0,17.0,58.0,54.0,17.0,71.0,4.0,4.0,4.0,54.0,42.0,50.0,42.0,88.0,92.0,42.0,21.0,8.0,38.0,92.0
Alisson,Goalkeepers,630,2020-2021 Champions League,34.0,94.0,57.0,94.0,94.0,74.0,26.0,18.0,18.0,89.0,40.0,60.0,65.0,84.0,23.0,45.0,30.0,65.0,91.0,89.0,57.0,62.0,30.0,40.0,84.0,16.0,48.0,49.0,73.0,72.0,,43.0,26.0,48.0,77.0
Alisson,Goalkeepers,720,2022-2023 Champions League,20.0,77.0,38.0,59.0,62.0,81.0,8.0,73.0,97.0,73.0,15.0,53.0,15.0,38.0,20.0,31.0,45.0,58.0,41.0,83.0,94.0,59.0,27.0,59.0,41.0,66.0,47.0,84.0,41.0,24.0,65.0,10.0,26.0,55.0,87.0
Alisson,Goalkeepers,1068,2024-2025 Premier League,6.0,83.0,9.0,83.0,80.0,94.0,6.0,13.0,20.0,87.0,46.0,63.0,13.0,91.0,9.0,9.0,9.0,69.0,20.0,63.0,31.0,31.0,9.0,9.0,83.0,11.0,50.0,37.0,91.0,13.0,,6.0,6.0,24.0,91.0
Alisson,Goalkeepers,1080,2017-2018 Champions League,21.0,99.0,16.0,74.0,74.0,43.0,23.0,34.0,44.0,96.0,41.0,13.0,21.0,52.0,13.0,21.0,30.0,24.0,62.0,52.0,99.0,71.0,18.0,52.0,73.0,24.0,48.0,44.0,46.0,57.0,,68.0,65.0,71.0,68.0
Alisson,Goalkeepers,1170,2018-2019 Champions League,22.0,86.0,24.0,81.0,81.0,50.0,17.0,29.0,35.0,55.0,24.0,24.0,22.0,81.0,17.0,19.0,32.0,12.0,73.0,47.0,35.0,76.0,19.0,17.0,78.0,22.0,47.0,42.0,68.0,86.0,,60.0,50.0,81.0,88.0
Alisson,Goalkeepers,1170,2021-2022 Champions League,19.0,80.0,46.0,61.0,61.0,49.0,16.0,51.0,74.0,81.0,31.0,58.0,11.0,73.0,11.0,44.0,9.0,63.0,59.0,96.0,84.0,86.0,24.0,29.0,76.0,20.0,48.0,43.0,76.0,4.0,,6.0,6.0,85.0,91.0
Alisson,Goalkeepers,2328,"Last 365 Days Men's Big 5 Leagues, UCL, UEL",3.0,90.0,3.0,84.0,82.0,86.0,2.0,4.0,10.0,82.0,25.0,70.0,1.0,89.0,13.0,3.0,9.0,84.0,22.0,30.0,36.0,80.0,7.0,6.0,96.0,1.0,40.0,27.0,95.0,36.0,,20.0,13.0,57.0,93.0
Alisson,Goalkeepers,2520,2023-2024 Premier League,8.0,86.0,11.0,77.0,77.0,75.0,23.0,11.0,17.0,45.0,80.0,64.0,27.0,83.0,2.0,11.0,14.0,55.0,58.0,20.0,31.0,83.0,5.0,5.0,80.0,17.0,45.0,41.0,86.0,81.0,41.0,36.0,27.0,63.0,80.0
Alisson,Goalkeepers,2543,2019-2020 Premier League,5.0,95.0,13.0,98.0,95.0,95.0,13.0,13.0,34.0,98.0,9.0,77.0,13.0,98.0,5.0,13.0,5.0,55.0,34.0,16.0,84.0,88.0,5.0,16.0,77.0,16.0,45.0,27.0,98.0,59.0,27.0,16.0,9.0,66.0,95.0
Alisson,Goalkeepers,2970,2020-2021 Premier League,10.0,98.0,21.0,52.0,52.0,60.0,6.0,44.0,75.0,98.0,60.0,29.0,10.0,87.0,2.0,6.0,13.0,88.0,83.0,65.0,58.0,79.0,2.0,10.0,52.0,79.0,98.0,87.0,79.0,75.0,73.0,37.0,21.0,75.0,87.0
Alisson,Goalkeepers,3240,2021-2022 Premier League,10.0,94.0,21.0,98.0,98.0,87.0,6.0,29.0,60.0,98.0,44.0,77.0,6.0,98.0,6.0,13.0,2.0,58.0,94.0,23.0,92.0,87.0,10.0,25.0,94.0,4.0,37.0,37.0,98.0,90.0,,10.0,6.0,87.0,94.0
Alisson,Goalkeepers,3330,2017-2018 Serie A,24.0,98.0,24.0,83.0,87.0,89.0,17.0,35.0,48.0,98.0,56.0,83.0,9.0,87.0,20.0,17.0,17.0,80.0,83.0,4.0,98.0,94.0,28.0,39.0,54.0,43.0,37.0,69.0,80.0,98.0,74.0,35.0,28.0,87.0,87.0
Alisson,Goalkeepers,3330,2022-2023 Premier League,9.0,98.0,13.0,88.0,88.0,98.0,16.0,30.0,36.0,98.0,66.0,75.0,20.0,73.0,9.0,9.0,23.0,48.0,98.0,86.0,88.0,95.0,13.0,27.0,77.0,34.0,80.0,57.0,45.0,70.0,71.0,48.0,34.0,84.0,80.0
Alisson,Goalkeepers,3420,2018-2019 Premier League,9.0,83.0,6.0,98.0,98.0,74.0,6.0,52.0,65.0,91.0,43.0,80.0,6.0,98.0,9.0,9.0,2.0,78.0,91.0,59.0,76.0,87.0,9.0,9.0,94.0,6.0,91.0,30.0,94.0,98.0,,6.0,6.0,91.0,94.0
Alphonse Areola,Goalkeepers,270,2018-2019 Champions League,1.0,1.0,1.0,17.0,17.0,82.0,24.0,42.0,47.0,22.0,68.0,63.0,12.0,28.0,1.0,1.0,38.0,56.0,6.0,15.0,99.0,35.0,1.0,4.0,14.0,81.0,47.0,42.0,46.0,22.0,42.0,50.0,59.0,31.0,41.0
Alphonse Areola,Goalkeepers,720,2017-2018 Champions League,1.0,51.0,4.0,87.0,87.0,52.0,76.0,88.0,85.0,84.0,18.0,59.0,60.0,79.0,1.0,18.0,38.0,68.0,43.0,6.0,89.0,6.0,1.0,11.0,41.0,55.0,48.0,44.0,82.0,87.0,44.0,59.0,45.0,44.0,87.0
Alphonse Areola,Goalkeepers,910,2024-2025 Premier League,48.0,43.0,24.0,57.0,39.0,28.0,80.0,50.0,46.0,56.0,24.0,63.0,98.0,6.0,57.0,28.0,91.0,2.0,2.0,37.0,89.0,43.0,61.0,83.0,83.0,11.0,50.0,37.0,35.0,2.0,,57.0,72.0,46.0,24.0
Alphonse Areola,Goalkeepers,1020,2021-2022 Europa League,73.0,23.0,56.0,79.0,79.0,75.0,55.0,71.0,65.0,39.0,32.0,51.0,63.0,87.0,69.0,47.0,49.0,19.0,73.0,36.0,41.0,11.0,41.0,51.0,77.0,19.0,49.0,40.0,89.0,79.0,,51.0,31.0,15.0,69.0
Alphonse Areola,Goalkeepers,1170,2022-2023 Europa Conference League,70.0,64.0,74.0,72.0,72.0,78.0,38.0,19.0,21.0,30.0,26.0,53.0,30.0,91.0,74.0,83.0,6.0,55.0,70.0,12.0,52.0,17.0,54.0,52.0,52.0,42.0,47.0,45.0,91.0,89.0,45.0,38.0,23.0,48.0,97.0
Alphonse Areola,Goalkeepers,1890,2018-2019 Ligue 1,5.0,45.0,5.0,98.0,98.0,95.0,23.0,9.0,16.0,34.0,5.0,79.0,16.0,95.0,5.0,5.0,2.0,30.0,70.0,9.0,70.0,9.0,5.0,5.0,13.0,59.0,41.0,13.0,98.0,91.0,13.0,27.0,5.0,63.0,95.0
Alphonse Areola,Goalkeepers,2079,"Last 365 Days Men's Big 5 Leagues, UCL, UEL",55.0,13.0,54.0,6.0,5.0,35.0,65.0,67.0,57.0,25.0,66.0,70.0,83.0,2.0,59.0,63.0,84.0,1.0,5.0,13.0,79.0,23.0,55.0,73.0,65.0,21.0,40.0,70.0,16.0,24.0,86.0,99.0,99.0,66.0,17.0
Alphonse Areola,Goalkeepers,2699,2023-2024 Premier League,73.0,5.0,77.0,31.0,33.0,88.0,80.0,48.0,30.0,5.0,86.0,64.0,73.0,27.0,70.0,83.0,39.0,33.0,80.0,2.0,67.0,11.0,64.0,64.0,36.0,80.0,45.0,95.0,23.0,92.0,84.0,95.0,86.0,52.0,55.0
Alphonse Areola,Goalkeepers,3060,2017-2018 Ligue 1,2.0,85.0,2.0,98.0,98.0,33.0,13.0,31.0,54.0,87.0,15.0,17.0,13.0,98.0,2.0,2.0,2.0,65.0,72.0,7.0,98.0,17.0,2.0,2.0,91.0,13.0,91.0,57.0,98.0,91.0,89.0,20.0,2.0,69.0,98.0
Alphonse Areola,Goalkeepers,3240,2020-2021 Premier League,33.0,37.0,44.0,31.0,31.0,85.0,48.0,67.0,60.0,44.0,87.0,71.0,48.0,40.0,40.0,52.0,83.0,69.0,90.0,81.0,48.0,25.0,44.0,44.0,33.0,63.0,38.0,27.0,17.0,71.0,27.0,71.0,63.0,63.0,6.0
Altay Bayındır,Goalkeepers,180,2021-2022 Europa Conference League,17.0,17.0,3.0,15.0,15.0,5.0,42.0,6.0,6.0,4.0,15.0,55.0,87.0,4.0,9.0,3.0,92.0,59.0,9.0,71.0,48.0,91.0,32.0,34.0,65.0,33.0,49.0,46.0,7.0,17.0,,77.0,91.0,47.0,15.0
Altay Bayındır,Goalkeepers,270,2021-2022 Europa League,93.0,37.0,65.0,13.0,13.0,15.0,8.0,67.0,87.0,48.0,96.0,51.0,2.0,13.0,87.0,45.0,41.0,60.0,27.0,87.0,3.0,2.0,23.0,9.0,77.0,19.0,49.0,40.0,17.0,13.0,,64.0,76.0,17.0,13.0
Altay Bayındır,Goalkeepers,720,2022-2023 Europa League,68.0,95.0,59.0,65.0,65.0,79.0,17.0,57.0,72.0,87.0,62.0,55.0,7.0,63.0,61.0,33.0,9.0,64.0,17.0,35.0,46.0,23.0,26.0,25.0,49.0,49.0,49.0,46.0,89.0,19.0,46.0,9.0,7.0,64.0,92.0
André Onana,Goalkeepers,180,2021-2022 Champions League,1.0,90.0,44.0,18.0,18.0,79.0,26.0,6.0,6.0,84.0,15.0,58.0,44.0,79.0,4.0,38.0,68.0,63.0,96.0,96.0,1.0,36.0,9.0,1.0,10.0,83.0,48.0,43.0,44.0,76.0,43.0,3.0,4.0,10.0,75.0
André Onana,Goalkeepers,540,2019-2020 Champions League,61.0,50.0,65.0,88.0,88.0,24.0,30.0,68.0,77.0,66.0,46.0,51.0,55.0,79.0,65.0,60.0,37.0,60.0,99.0,34.0,11.0,77.0,70.0,45.0,18.0,93.0,96.0,44.0,43.0,91.0,44.0,79.0,52.0,44.0,68.0
André Onana,Goalkeepers,540,2020-2021 Champions League,34.0,57.0,21.0,18.0,18.0,74.0,40.0,34.0,43.0,50.0,49.0,60.0,17.0,71.0,32.0,18.0,66.0,12.0,85.0,37.0,11.0,99.0,62.0,38.0,65.0,33.0,48.0,49.0,62.0,66.0,49.0,74.0,54.0,80.0,51.0
André Onana,Goalkeepers,540,2021-2022 Eredivisie,16.0,36.0,5.0,4.0,4.0,63.0,23.0,38.0,45.0,21.0,4.0,66.0,5.0,18.0,16.0,5.0,21.0,79.0,16.0,98.0,91.0,41.0,9.0,23.0,82.0,16.0,41.0,36.0,45.0,2.0,,2.0,13.0,20.0,98.0
André Onana,Goalkeepers,540,2023-2024 Champions League,87.0,14.0,86.0,47.0,47.0,42.0,55.0,40.0,37.0,17.0,44.0,1.0,4.0,6.0,91.0,94.0,82.0,64.0,6.0,35.0,58.0,76.0,88.0,88.0,15.0,97.0,95.0,95.0,13.0,29.0,65.0,55.0,81.0,47.0,18.0
André Onana,Goalkeepers,540,2024-2025 Europa League,15.0,87.0,27.0,39.0,39.0,74.0,20.0,13.0,13.0,75.0,85.0,54.0,1.0,56.0,15.0,32.0,10.0,57.0,37.0,82.0,92.0,68.0,20.0,39.0,68.0,21.0,48.0,39.0,49.0,23.0,,24.0,27.0,32.0,75.0
André Onana,Goalkeepers,1080,2018-2019 Champions League,42.0,45.0,55.0,64.0,64.0,41.0,42.0,55.0,60.0,42.0,68.0,63.0,40.0,68.0,50.0,37.0,18.0,56.0,88.0,68.0,1.0,47.0,55.0,10.0,55.0,45.0,47.0,42.0,42.0,81.0,42.0,56.0,53.0,45.0,69.0
André Onana,Goalkeepers,1170,2022-2023 Champions League,78.0,14.0,66.0,85.0,87.0,55.0,85.0,87.0,70.0,6.0,50.0,53.0,62.0,80.0,71.0,62.0,29.0,15.0,94.0,58.0,71.0,80.0,78.0,87.0,74.0,21.0,47.0,38.0,57.0,78.0,,71.0,48.0,76.0,80.0
André Onana,Goalkeepers,1800,2020-2021 Eredivisie,5.0,95.0,2.0,94.0,95.0,66.0,2.0,60.0,95.0,89.0,5.0,68.0,5.0,95.0,8.0,2.0,5.0,73.0,89.0,23.0,98.0,82.0,15.0,34.0,98.0,2.0,40.0,34.0,92.0,92.0,,50.0,21.0,47.0,95.0
André Onana,Goalkeepers,1890,2024-2025 Premier League,31.0,9.0,63.0,74.0,74.0,9.0,17.0,28.0,43.0,13.0,37.0,63.0,28.0,54.0,35.0,69.0,65.0,37.0,69.0,74.0,28.0,87.0,50.0,31.0,33.0,83.0,50.0,78.0,43.0,44.0,70.0,24.0,30.0,61.0,43.0
André Onana,Goalkeepers,2160,2019-2020 Eredivisie,2.0,98.0,6.0,85.0,85.0,90.0,2.0,60.0,94.0,94.0,10.0,73.0,2.0,94.0,6.0,2.0,8.0,73.0,85.0,92.0,98.0,40.0,2.0,10.0,77.0,10.0,42.0,29.0,85.0,60.0,29.0,2.0,6.0,44.0,90.0
André Onana,Goalkeepers,2160,2022-2023 Serie A,12.0,18.0,35.0,72.0,72.0,32.0,28.0,55.0,58.0,5.0,8.0,70.0,38.0,73.0,18.0,8.0,32.0,8.0,42.0,7.0,62.0,92.0,42.0,42.0,65.0,32.0,42.0,28.0,85.0,60.0,28.0,38.0,35.0,42.0,85.0
André Onana,Goalkeepers,2920,2018-2019 Eredivisie,2.0,81.0,2.0,94.0,94.0,94.0,2.0,35.0,90.0,73.0,2.0,65.0,2.0,94.0,2.0,2.0,6.0,73.0,77.0,6.0,10.0,10.0,2.0,2.0,90.0,19.0,44.0,75.0,94.0,98.0,90.0,10.0,6.0,23.0,98.0
André Onana,Goalkeepers,3420,2023-2024 Premier League,48.0,28.0,55.0,67.0,67.0,30.0,83.0,67.0,56.0,27.0,22.0,25.0,30.0,64.0,45.0,58.0,42.0,70.0,77.0,36.0,17.0,70.0,58.0,48.0,19.0,63.0,45.0,41.0,39.0,95.0,41.0,77.0,70.0,23.0,67.0
André Onana,Goalkeepers,3960,"Last 365 Days Men's Big 5 Leagues, UCL, UEL",29.0,28.0,63.0,45.0,45.0,4.0,41.0,69.0,72.0,48.0,57.0,70.0,7.0,37.0,37.0,70.0,41.0,67.0,63.0,53.0,16.0,88.0,52.0,35.0,17.0,77.0,40.0,55.0,29.0,66.0,52.0,71.0,69.0,34.0,60.0
Antonín Kinský,Goalkeepers,540,2024-2025 Europa League,26.0,89.0,18.0,39.0,39.0,74.0,1.0,13.0,36.0,75.0,35.0,5.0,5.0,64.0,18.0,20.0,82.0,57.0,17.0,70.0,96.0,87.0,29.0,73.0,30.0,51.0,48.0,39.0,86.0,7.0,39.0,1.0,4.0,32.0,19.0
Antonín Kinský,Goalkeepers,630,"Last 365 Days Men's Big 5 Leagues, UCL, UEL",28.0,70.0,4.0,19.0,19.0,99.0,2.0,22.0,55.0,72.0,11.0,1.0,9.0,59.0,24.0,6.0,99.0,4.0,7.0,29.0,98.0,93.0,28.0,62.0,31.0,49.0,40.0,26.0,97.0,4.0,26.0,1.0,2.0,28.0,7.0
Arijanet Muric,Goalkeepers,900,2023-2024 Premier League,61.0,77.0,63.0,3.0,3.0,88.0,61.0,98.0,95.0,98.0,98.0,64.0,17.0,58.0,64.0,61.0,48.0,33.0,98.0,20.0,55.0,98.0,92.0,95.0,58.0,75.0,45.0,98.0,8.0,98.0,91.0,98.0,98.0,73.0,16.0
Arijanet Muric,Goalkeepers,1260,2020-2021 Eredivisie,95.0,34.0,92.0,60.0,60.0,15.0,47.0,82.0,79.0,40.0,39.0,68.0,24.0,37.0,95.0,89.0,53.0,5.0,21.0,68.0,31.0,21.0,63.0,60.0,56.0,60.0,40.0,89.0,47.0,11.0,85.0,24.0,44.0,29.0,56.0
Arijanet Muric,Goalkeepers,1530,2024-2025 Premier League,41.0,20.0,91.0,9.0,9.0,63.0,59.0,98.0,98.0,48.0,70.0,63.0,52.0,27.0,48.0,91.0,80.0,70.0,41.0,39.0,39.0,34.0,52.0,55.0,20.0,77.0,50.0,38.0,27.0,59.0,38.0,77.0,84.0,80.0,13.0
Arijanet Muric,Goalkeepers,2430,"Last 365 Days Men's Big 5 Leagues, UCL, UEL",47.0,63.0,83.0,1.0,1.0,71.0,54.0,99.0,99.0,91.0,88.0,70.0,22.0,23.0,50.0,88.0,77.0,48.0,94.0,39.0,43.0,96.0,72.0,75.0,30.0,69.0,40.0,70.0,7.0,83.0,65.0,99.0,99.0,89.0,8.0
Arijanet Muric,Goalkeepers,3614,2022-2023 Championship,4.0,79.0,28.0,91.0,87.0,23.0,11.0,77.0,94.0,67.0,62.0,71.0,1.0,96.0,1.0,30.0,4.0,78.0,67.0,16.0,96.0,96.0,4.0,28.0,52.0,40.0,43.0,62.0,87.0,87.0,59.0,33.0,23.0,55.0,99.0
Asmir Begović,Goalkeepers,450,2019-2020 Europa League,87.0,43.0,66.0,17.0,17.0,17.0,35.0,73.0,75.0,47.0,47.0,8.0,65.0,20.0,89.0,74.0,80.0,18.0,18.0,83.0,43.0,7.0,61.0,51.0,73.0,24.0,46.0,44.0,43.0,9.0,,25.0,42.0,13.0,33.0
Asmir Begović,Goalkeepers,1620,Last 365 Days Men's Next 14 Competitions,47.0,36.0,56.0,66.0,67.0,71.0,63.0,54.0,44.0,20.0,51.0,69.0,10.0,80.0,47.0,61.0,18.0,29.0,7.0,3.0,44.0,46.0,38.0,36.0,94.0,4.0,40.0,30.0,97.0,42.0,,22.0,17.0,78.0,84.0
Asmir Begović,Goalkeepers,2160,2018-2019 Premier League,24.0,2.0,28.0,43.0,43.0,28.0,65.0,94.0,85.0,28.0,20.0,80.0,39.0,13.0,28.0,31.0,72.0,20.0,2.0,91.0,54.0,13.0,20.0,28.0,61.0,26.0,44.0,30.0,35.0,9.0,30.0,28.0,39.0,87.0,43.0
Asmir Begović,Goalkeepers,3420,2017-2018 Premier League,28.0,4.0,24.0,2.0,2.0,46.0,65.0,61.0,46.0,9.0,54.0,11.0,65.0,17.0,24.0,35.0,59.0,56.0,31.0,81.0,28.0,31.0,31.0,35.0,67.0,33.0,44.0,48.0,28.0,24.0,67.0,61.0,65.0,91.0,43.0
Asmir Begović,Goalkeepers,4049,2023-2024 Championship,59.0,16.0,54.0,75.0,71.0,36.0,61.0,84.0,86.0,14.0,56.0,73.0,49.0,64.0,56.0,54.0,66.0,66.0,21.0,15.0,66.0,14.0,49.0,56.0,76.0,16.0,39.0,38.0,81.0,46.0,38.0,44.0,39.0,66.0,31.0
Asmir Begović,Goalkeepers,4050,2020-2021 Championship,11.0,6.0,16.0,54.0,54.0,41.0,16.0,76.0,91.0,6.0,50.0,48.0,39.0,71.0,11.0,16.0,24.0,78.0,91.0,60.0,45.0,21.0,1.0,4.0,56.0,43.0,40.0,69.0,36.0,89.0,66.0,76.0,63.0,81.0,79.0
Bart Verbruggen,Goalkeepers,270,2023-2024 Europa League,17.0,54.0,10.0,98.0,98.0,83.0,73.0,66.0,48.0,35.0,16.0,55.0,10.0,98.0,27.0,5.0,4.0,62.0,81.0,1.0,79.0,63.0,20.0,29.0,76.0,22.0,49.0,46.0,98.0,98.0,,47.0,11.0,69.0,98.0
Bart Verbruggen,Goalkeepers,540,2024 UEFA Euro 2024,27.0,44.0,38.0,67.0,67.0,15.0,44.0,65.0,65.0,31.0,23.0,50.0,10.0,52.0,35.0,35.0,48.0,33.0,44.0,38.0,94.0,77.0,35.0,63.0,29.0,60.0,50.0,44.0,60.0,50.0,44.0,40.0,40.0,25.0,81.0
Bart Verbruggen,Goalkeepers,600,2022-2023 Europa Conference League,27.0,20.0,21.0,57.0,57.0,78.0,45.0,88.0,89.0,26.0,30.0,53.0,32.0,81.0,26.0,29.0,39.0,55.0,97.0,61.0,28.0,93.0,48.0,34.0,32.0,62.0,47.0,45.0,27.0,93.0,45.0,85.0,68.0,88.0,73.0
Bart Verbruggen,Goalkeepers,1530,2022-2023 Belgian Pro League,19.0,94.0,17.0,94.0,94.0,61.0,39.0,6.0,13.0,76.0,91.0,74.0,6.0,76.0,17.0,17.0,24.0,17.0,91.0,35.0,43.0,98.0,50.0,39.0,96.0,4.0,39.0,31.0,61.0,87.0,,91.0,72.0,72.0,65.0
Bart Verbruggen,Goalkeepers,1710,2024-2025 Premier League,28.0,57.0,83.0,48.0,52.0,43.0,43.0,54.0,69.0,61.0,98.0,13.0,9.0,39.0,31.0,83.0,28.0,28.0,35.0,52.0,61.0,80.0,35.0,46.0,24.0,72.0,50.0,37.0,54.0,50.0,37.0,43.0,46.0,39.0,31.0
Bart Verbruggen,Goalkeepers,1890,2023-2024 Premier League,5.0,59.0,2.0,39.0,42.0,75.0,27.0,36.0,67.0,58.0,95.0,64.0,20.0,77.0,11.0,2.0,30.0,86.0,33.0,6.0,73.0,86.0,8.0,14.0,42.0,52.0,45.0,41.0,73.0,77.0,41.0,42.0,33.0,83.0,42.0
Bart Verbruggen,Goalkeepers,2880,"Last 365 Days Men's Big 5 Leagues, UCL, UEL",13.0,78.0,9.0,64.0,65.0,39.0,21.0,64.0,77.0,85.0,96.0,31.0,3.0,57.0,19.0,22.0,25.0,52.0,43.0,39.0,69.0,83.0,22.0,30.0,42.0,39.0,40.0,26.0,63.0,59.0,26.0,44.0,43.0,70.0,40.0
Brandon Austin,Goalkeepers,450,vs. Goalkeepers,30.0,99.0,45.0,48.0,48.0,92.0,41.0,26.0,29.0,97.0,3.0,70.0,74.0,30.0,41.0,47.0,63.0,75.0,9.0,99.0,93.0,1.0,16.0,39.0,91.0,8.0,46.0,36.0,59.0,1.0,,3.0,11.0,5.0,94.0
Caoimhín Kelleher,Goalkeepers,180,2020-2021 Champions League,82.0,55.0,23.0,79.0,79.0,74.0,90.0,93.0,74.0,29.0,90.0,60.0,96.0,87.0,82.0,26.0,6.0,65.0,96.0,2.0,40.0,82.0,85.0,79.0,13.0,84.0,48.0,49.0,79.0,96.0,49.0,89.0,61.0,99.0,67.0
Caoimhín Kelleher,Goalkeepers,270,2024-2025 Champions League,34.0,97.0,26.0,98.0,98.0,77.0,24.0,52.0,58.0,91.0,26.0,58.0,43.0,98.0,36.0,17.0,7.0,59.0,99.0,19.0,67.0,78.0,39.0,44.0,73.0,76.0,47.0,99.0,66.0,98.0,73.0,75.0,39.0,7.0,96.0
Caoimhín Kelleher,Goalkeepers,720,2023-2024 Europa League,37.0,46.0,16.0,41.0,41.0,54.0,35.0,66.0,84.0,69.0,16.0,55.0,7.0,54.0,20.0,16.0,41.0,16.0,37.0,59.0,41.0,86.0,33.0,24.0,76.0,22.0,49.0,46.0,67.0,29.0,,37.0,37.0,88.0,88.0
Caoimhín Kelleher,Goalkeepers,720,2024-2025 Premier League,35.0,65.0,57.0,91.0,91.0,94.0,17.0,17.0,24.0,33.0,41.0,63.0,2.0,76.0,46.0,72.0,4.0,69.0,80.0,52.0,20.0,72.0,39.0,24.0,83.0,59.0,50.0,98.0,74.0,63.0,83.0,28.0,20.0,72.0,94.0
Caoimhín Kelleher,Goalkeepers,900,2023-2024 Premier League,20.0,70.0,20.0,48.0,50.0,20.0,5.0,16.0,47.0,48.0,39.0,64.0,5.0,80.0,33.0,14.0,5.0,33.0,86.0,56.0,23.0,92.0,36.0,30.0,92.0,6.0,45.0,41.0,77.0,67.0,,23.0,14.0,70.0,95.0
Caoimhín Kelleher,Goalkeepers,1980,"Last 365 Days Men's Big 5 Leagues, UCL, UEL",25.0,88.0,18.0,74.0,76.0,80.0,7.0,25.0,50.0,73.0,21.0,70.0,2.0,92.0,27.0,19.0,1.0,12.0,99.0,67.0,12.0,97.0,36.0,23.0,96.0,24.0,40.0,93.0,61.0,86.0,96.0,58.0,41.0,79.0,99.0
Carlos Miguel,Goalkeepers,180,2023 Copa Libertadores,28.0,6.0,49.0,99.0,99.0,75.0,86.0,95.0,84.0,3.0,88.0,56.0,99.0,99.0,28.0,38.0,8.0,56.0,97.0,1.0,99.0,91.0,72.0,92.0,69.0,93.0,48.0,99.0,68.0,99.0,69.0,81.0,52.0,55.0,73.0
Carlos Miguel,Goalkeepers,540,2024 Série A,36.0,67.0,86.0,75.0,77.0,97.0,83.0,30.0,23.0,77.0,98.0,69.0,73.0,61.0,27.0,77.0,30.0,2.0,86.0,6.0,95.0,70.0,45.0,92.0,22.0,61.0,45.0,28.0,73.0,70.0,28.0,95.0,72.0,73.0,13.0
Carlos Miguel,Goalkeepers,540,Last 365 Days Men's Next 14 Competitions,37.0,51.0,56.0,67.0,68.0,99.0,81.0,28.0,19.0,56.0,98.0,69.0,68.0,59.0,28.0,57.0,46.0,1.0,95.0,1.0,99.0,29.0,26.0,69.0,17.0,68.0,40.0,30.0,64.0,91.0,30.0,96.0,81.0,56.0,3.0
Christian Walton,Goalkeepers,3060,2018-2019 Championship,85.0,40.0,85.0,55.0,55.0,43.0,52.0,83.0,78.0,62.0,31.0,79.0,55.0,35.0,85.0,83.0,73.0,3.0,50.0,65.0,34.0,15.0,78.0,59.0,27.0,78.0,42.0,78.0,48.0,24.0,60.0,22.0,27.0,8.0,48.0
Christian Walton,Goalkeepers,4140,2019-2020 Championship,61.0,74.0,86.0,54.0,54.0,89.0,24.0,96.0,91.0,74.0,54.0,24.0,61.0,49.0,64.0,81.0,41.0,26.0,69.0,40.0,19.0,63.0,74.0,51.0,14.0,86.0,44.0,75.0,34.0,61.0,69.0,64.0,54.0,74.0,64.0
Daniel Bentley,Goalkeepers,1170,2022-2023 Championship,82.0,41.0,52.0,55.0,60.0,1.0,21.0,9.0,11.0,13.0,35.0,71.0,28.0,11.0,84.0,60.0,67.0,78.0,18.0,94.0,41.0,60.0,82.0,77.0,34.0,43.0,43.0,28.0,13.0,30.0,28.0,67.0,82.0,45.0,35.0
Daniel Bentley,Goalkeepers,2954,2018-2019 Championship,15.0,84.0,15.0,36.0,36.0,57.0,24.0,36.0,45.0,97.0,38.0,45.0,36.0,43.0,27.0,15.0,50.0,8.0,34.0,79.0,50.0,99.0,34.0,48.0,91.0,22.0,42.0,80.0,59.0,10.0,91.0,17.0,24.0,99.0,62.0
Daniel Bentley,Goalkeepers,3358,2021-2022 Championship,91.0,52.0,90.0,18.0,18.0,39.0,78.0,39.0,30.0,68.0,51.0,58.0,84.0,28.0,93.0,82.0,59.0,57.0,61.0,46.0,90.0,34.0,86.0,95.0,26.0,82.0,47.0,86.0,24.0,68.0,68.0,86.0,80.0,36.0,36.0
Daniel Bentley,Goalkeepers,3843,2019-2020 Championship,44.0,70.0,51.0,48.0,46.0,79.0,84.0,46.0,36.0,89.0,34.0,19.0,74.0,40.0,56.0,49.0,39.0,21.0,61.0,40.0,54.0,81.0,71.0,71.0,44.0,41.0,44.0,36.0,29.0,56.0,36.0,89.0,86.0,91.0,74.0
Daniel Bentley,Goalkeepers,3870,2020-2021 Championship,55.0,14.0,64.0,19.0,19.0,6.0,96.0,29.0,20.0,24.0,6.0,43.0,99.0,14.0,56.0,56.0,91.0,78.0,51.0,83.0,61.0,49.0,69.0,81.0,53.0,46.0,40.0,74.0,11.0,38.0,66.0,89.0,91.0,64.0,49.0
Daniel Iversen,Goalkeepers,1080,2022-2023 Premier League,73.0,5.0,71.0,9.0,9.0,59.0,88.0,91.0,79.0,5.0,88.0,2.0,95.0,16.0,70.0,73.0,71.0,34.0,30.0,59.0,5.0,16.0,73.0,34.0,21.0,68.0,39.0,25.0,27.0,41.0,25.0,80.0,80.0,20.0,5.0
Daniel Iversen,Goalkeepers,1530,Last 365 Days Men's Next 14 Competitions,83.0,73.0,84.0,72.0,73.0,65.0,22.0,68.0,81.0,82.0,14.0,11.0,36.0,45.0,77.0,81.0,69.0,77.0,11.0,93.0,1.0,57.0,79.0,27.0,72.0,18.0,40.0,30.0,69.0,4.0,30.0,3.0,10.0,37.0,66.0
Daniel Iversen,Goalkeepers,1620,2023-2024 Championship,84.0,48.0,84.0,89.0,89.0,79.0,19.0,80.0,94.0,76.0,23.0,10.0,44.0,76.0,74.0,79.0,41.0,84.0,26.0,95.0,8.0,24.0,61.0,46.0,49.0,35.0,39.0,38.0,79.0,6.0,38.0,4.0,4.0,21.0,76.0
Daniel Iversen,Goalkeepers,2070,2020-2021 Championship,73.0,43.0,71.0,71.0,71.0,33.0,51.0,79.0,83.0,61.0,31.0,75.0,86.0,64.0,76.0,71.0,69.0,6.0,89.0,39.0,21.0,24.0,79.0,64.0,31.0,74.0,89.0,31.0,44.0,79.0,31.0,79.0,69.0,34.0,44.0
Daniel Iversen,Goalkeepers,4128,2021-2022 Championship,75.0,25.0,66.0,51.0,51.0,64.0,55.0,82.0,82.0,34.0,91.0,58.0,74.0,59.0,72.0,68.0,20.0,45.0,68.0,63.0,51.0,45.0,68.0,68.0,53.0,32.0,47.0,33.0,41.0,65.0,33.0,55.0,53.0,74.0,53.0
Danny Ward,Goalkeepers,180,2020-2021 Europa League,30.0,89.0,76.0,88.0,88.0,74.0,48.0,11.0,11.0,31.0,22.0,56.0,67.0,97.0,43.0,74.0,59.0,60.0,72.0,91.0,90.0,13.0,28.0,63.0,74.0,20.0,47.0,44.0,95.0,49.0,,3.0,1.0,4.0,65.0
Danny Ward,Goalkeepers,360,2021 UEFA Euro 2020,94.0,6.0,65.0,50.0,50.0,27.0,94.0,92.0,77.0,4.0,56.0,52.0,79.0,54.0,90.0,69.0,56.0,69.0,54.0,44.0,40.0,31.0,85.0,77.0,67.0,23.0,46.0,38.0,21.0,79.0,,90.0,85.0,27.0,35.0
Danny Ward,Goalkeepers,2340,2022-2023 Premier League,30.0,77.0,29.0,41.0,45.0,27.0,45.0,41.0,27.0,80.0,9.0,5.0,63.0,23.0,34.0,30.0,88.0,13.0,23.0,59.0,30.0,66.0,45.0,55.0,55.0,41.0,39.0,77.0,38.0,27.0,71.0,52.0,59.0,91.0,30.0
David Raya,Goalkeepers,540,2024-2025 Champions League,70.0,78.0,66.0,88.0,88.0,43.0,28.0,63.0,68.0,60.0,65.0,58.0,43.0,91.0,79.0,66.0,22.0,59.0,80.0,14.0,60.0,43.0,76.0,77.0,34.0,76.0,47.0,90.0,84.0,93.0,65.0,22.0,14.0,41.0,78.0
David Raya,Goalkeepers,840,2023-2024 Champions League,47.0,73.0,63.0,87.0,87.0,62.0,19.0,96.0,99.0,91.0,24.0,58.0,14.0,94.0,67.0,58.0,35.0,64.0,40.0,5.0,54.0,45.0,55.0,50.0,45.0,45.0,46.0,44.0,99.0,76.0,44.0,6.0,4.0,73.0,73.0
David Raya,Goalkeepers,1890,2024-2025 Premier League,56.0,76.0,87.0,80.0,80.0,33.0,28.0,87.0,91.0,67.0,67.0,22.0,31.0,94.0,65.0,87.0,13.0,70.0,31.0,7.0,54.0,57.0,57.0,65.0,43.0,46.0,50.0,37.0,94.0,83.0,37.0,17.0,9.0,59.0,85.0
David Raya,Goalkeepers,2160,2021-2022 Premier League,67.0,63.0,71.0,75.0,75.0,65.0,87.0,79.0,65.0,75.0,48.0,25.0,87.0,75.0,67.0,67.0,46.0,88.0,63.0,8.0,83.0,98.0,87.0,98.0,29.0,65.0,37.0,37.0,79.0,94.0,37.0,56.0,44.0,67.0,67.0
David Raya,Goalkeepers,2880,2023-2024 Premier League,45.0,89.0,81.0,95.0,98.0,70.0,20.0,80.0,92.0,67.0,8.0,16.0,8.0,98.0,48.0,73.0,17.0,63.0,42.0,20.0,64.0,52.0,48.0,55.0,66.0,36.0,45.0,84.0,95.0,52.0,84.0,2.0,2.0,58.0,89.0
David Raya,Goalkeepers,3420,2022-2023 Premier League,88.0,66.0,95.0,66.0,71.0,23.0,80.0,95.0,95.0,70.0,98.0,48.0,48.0,70.0,88.0,91.0,18.0,38.0,88.0,7.0,84.0,98.0,98.0,98.0,82.0,13.0,39.0,25.0,55.0,98.0,25.0,98.0,88.0,27.0,59.0
David Raya,Goalkeepers,3690,2018-2019 Championship,73.0,84.0,87.0,44.0,41.0,78.0,15.0,80.0,92.0,85.0,45.0,24.0,15.0,22.0,69.0,74.0,66.0,17.0,59.0,90.0,38.0,69.0,83.0,71.0,31.0,76.0,92.0,55.0,27.0,30.0,47.0,64.0,76.0,43.0,41.0
David Raya,Goalkeepers,3780,2020-2021 Championship,9.0,73.0,11.0,66.0,66.0,94.0,19.0,81.0,98.0,79.0,84.0,39.0,1.0,85.0,9.0,14.0,1.0,46.0,64.0,11.0,96.0,99.0,24.0,46.0,49.0,31.0,40.0,31.0,84.0,84.0,31.0,34.0,24.0,99.0,89.0
David Raya,Goalkeepers,4140,2019-2020 Championship,11.0,81.0,6.0,76.0,76.0,58.0,36.0,86.0,88.0,84.0,11.0,73.0,19.0,94.0,9.0,4.0,24.0,66.0,56.0,4.0,85.0,99.0,11.0,26.0,71.0,21.0,44.0,36.0,96.0,91.0,36.0,19.0,9.0,99.0,91.0
David Raya,Goalkeepers,4350,"Last 365 Days Men's Big 5 Leagues, UCL, UEL",41.0,90.0,70.0,98.0,99.0,57.0,12.0,82.0,97.0,83.0,32.0,28.0,8.0,99.0,55.0,72.0,6.0,68.0,60.0,3.0,59.0,54.0,52.0,55.0,56.0,40.0,40.0,54.0,99.0,94.0,61.0,1.0,1.0,53.0,95.0
Dean Henderson,Goalkeepers,360,2020-2021 Europa League,44.0,40.0,22.0,98.0,98.0,22.0,67.0,93.0,92.0,31.0,92.0,56.0,33.0,98.0,30.0,12.0,6.0,60.0,87.0,14.0,29.0,39.0,16.0,13.0,74.0,74.0,96.0,44.0,93.0,98.0,,54.0,18.0,74.0,65.0
Dean Henderson,Goalkeepers,1125,2020-2021 Premier League,37.0,90.0,17.0,71.0,71.0,2.0,44.0,62.0,63.0,87.0,23.0,71.0,67.0,90.0,33.0,10.0,2.0,88.0,52.0,10.0,2.0,10.0,13.0,2.0,98.0,2.0,38.0,27.0,87.0,79.0,,67.0,52.0,87.0,98.0
Dean Henderson,Goalkeepers,1620,2022-2023 Premier League,84.0,59.0,66.0,79.0,79.0,20.0,84.0,77.0,57.0,75.0,73.0,16.0,82.0,30.0,73.0,59.0,57.0,91.0,16.0,41.0,45.0,63.0,80.0,77.0,41.0,98.0,98.0,98.0,34.0,38.0,89.0,55.0,66.0,95.0,34.0
Dean Henderson,Goalkeepers,1620,2023-2024 Premier League,80.0,39.0,72.0,58.0,58.0,63.0,48.0,2.0,2.0,23.0,52.0,64.0,48.0,45.0,80.0,77.0,36.0,48.0,39.0,70.0,11.0,8.0,61.0,33.0,70.0,23.0,45.0,41.0,42.0,42.0,41.0,55.0,52.0,2.0,64.0
Dean Henderson,Goalkeepers,1980,2024-2025 Premier League,91.0,70.0,45.0,73.0,73.0,73.0,70.0,41.0,36.0,55.0,93.0,63.0,80.0,63.0,91.0,34.0,48.0,16.0,73.0,77.0,16.0,20.0,73.0,48.0,82.0,29.0,50.0,77.0,70.0,23.0,82.0,34.0,23.0,5.0,34.0
Dean Henderson,Goalkeepers,3240,2019-2020 Premier League,98.0,30.0,98.0,84.0,88.0,91.0,59.0,52.0,43.0,29.0,77.0,77.0,45.0,91.0,98.0,98.0,34.0,86.0,80.0,73.0,30.0,34.0,95.0,84.0,80.0,41.0,95.0,66.0,73.0,84.0,86.0,38.0,30.0,9.0,55.0
Dean Henderson,Goalkeepers,3240,"Last 365 Days Men's Big 5 Leagues, UCL, UEL",85.0,69.0,50.0,63.0,63.0,48.0,53.0,20.0,19.0,65.0,67.0,70.0,69.0,42.0,86.0,51.0,44.0,13.0,45.0,88.0,2.0,10.0,61.0,29.0,97.0,3.0,40.0,63.0,48.0,15.0,96.0,38.0,42.0,8.0,51.0
Dean Henderson,Goalkeepers,4140,2018-2019 Championship,66.0,6.0,79.0,94.0,94.0,38.0,38.0,69.0,69.0,6.0,35.0,30.0,17.0,88.0,59.0,70.0,8.0,44.0,66.0,35.0,21.0,8.0,29.0,20.0,91.0,10.0,85.0,24.0,94.0,69.0,,27.0,13.0,29.0,87.0
Ederson,Goalkeepers,360,2021 Copa América,54.0,4.0,29.0,96.0,96.0,75.0,21.0,71.0,88.0,21.0,8.0,63.0,46.0,96.0,13.0,29.0,29.0,67.0,54.0,29.0,63.0,13.0,21.0,21.0,67.0,29.0,50.0,46.0,79.0,96.0,,46.0,46.0,38.0,96.0
Ederson,Goalkeepers,360,2024-2025 Champions League,26.0,93.0,28.0,49.0,49.0,77.0,5.0,10.0,35.0,91.0,97.0,58.0,32.0,22.0,24.0,14.0,64.0,59.0,16.0,53.0,89.0,35.0,16.0,44.0,7.0,91.0,47.0,42.0,43.0,30.0,42.0,24.0,45.0,49.0,11.0
Ederson,Goalkeepers,660,2023-2024 Champions League,14.0,55.0,4.0,45.0,45.0,83.0,6.0,60.0,87.0,50.0,32.0,58.0,9.0,88.0,6.0,4.0,6.0,64.0,47.0,96.0,99.0,65.0,6.0,24.0,74.0,22.0,46.0,44.0,94.0,14.0,,1.0,1.0,45.0,94.0
Ederson,Goalkeepers,675,2019-2020 Champions League,43.0,94.0,67.0,72.0,70.0,70.0,5.0,60.0,99.0,91.0,67.0,51.0,1.0,84.0,35.0,52.0,16.0,60.0,48.0,20.0,70.0,82.0,37.0,55.0,52.0,43.0,45.0,44.0,89.0,67.0,44.0,11.0,9.0,29.0,87.0
Ederson,Goalkeepers,810,2017-2018 Champions League,4.0,70.0,13.0,77.0,77.0,79.0,1.0,57.0,79.0,87.0,18.0,59.0,4.0,82.0,4.0,1.0,30.0,68.0,79.0,49.0,84.0,87.0,4.0,13.0,26.0,80.0,48.0,89.0,60.0,79.0,65.0,22.0,15.0,50.0,95.0
Ederson,Goalkeepers,900,2018-2019 Champions League,6.0,92.0,22.0,53.0,53.0,63.0,1.0,60.0,88.0,99.0,29.0,63.0,1.0,59.0,4.0,6.0,23.0,56.0,22.0,15.0,85.0,42.0,4.0,1.0,23.0,73.0,47.0,42.0,83.0,54.0,42.0,18.0,22.0,35.0,96.0
Ederson,Goalkeepers,990,2022-2023 Champions League,43.0,59.0,76.0,90.0,92.0,48.0,13.0,24.0,36.0,41.0,73.0,53.0,3.0,94.0,43.0,71.0,8.0,58.0,62.0,8.0,83.0,50.0,43.0,66.0,48.0,43.0,47.0,38.0,94.0,94.0,38.0,22.0,6.0,30.0,90.0
Ederson,Goalkeepers,1002,2021-2022 Champions League,31.0,90.0,54.0,58.0,54.0,79.0,6.0,14.0,16.0,79.0,51.0,58.0,24.0,64.0,29.0,48.0,14.0,21.0,16.0,35.0,74.0,51.0,29.0,31.0,44.0,56.0,48.0,43.0,84.0,11.0,43.0,9.0,14.0,26.0,86.0
Ederson,Goalkeepers,1080,2020-2021 Champions League,17.0,80.0,40.0,84.0,84.0,48.0,1.0,34.0,74.0,79.0,34.0,60.0,6.0,89.0,21.0,28.0,15.0,65.0,55.0,49.0,70.0,38.0,13.0,21.0,84.0,16.0,48.0,49.0,96.0,62.0,,6.0,4.0,45.0,91.0
Ederson,Goalkeepers,1170,2024-2025 Premier League,24.0,98.0,17.0,31.0,31.0,72.0,2.0,9.0,17.0,80.0,17.0,63.0,17.0,43.0,17.0,13.0,50.0,20.0,54.0,96.0,94.0,54.0,17.0,35.0,28.0,69.0,50.0,37.0,43.0,17.0,37.0,6.0,17.0,6.0,80.0
Ederson,Goalkeepers,2785,2023-2024 Premier League,17.0,80.0,27.0,89.0,83.0,98.0,8.0,33.0,84.0,70.0,36.0,64.0,23.0,92.0,14.0,17.0,11.0,58.0,61.0,56.0,95.0,67.0,20.0,39.0,61.0,30.0,45.0,41.0,92.0,55.0,41.0,8.0,8.0,45.0,92.0
Ederson,Goalkeepers,2988,"Last 365 Days Men's Big 5 Leagues, UCL, UEL",9.0,93.0,8.0,57.0,50.0,98.0,1.0,16.0,59.0,95.0,34.0,70.0,5.0,77.0,10.0,5.0,15.0,53.0,59.0,97.0,99.0,64.0,5.0,22.0,29.0,37.0,40.0,27.0,72.0,23.0,27.0,3.0,4.0,39.0,90.0
Ederson,Goalkeepers,3071,2019-2020 Premier League,2.0,98.0,9.0,95.0,98.0,63.0,2.0,27.0,80.0,95.0,5.0,41.0,2.0,95.0,2.0,9.0,23.0,59.0,70.0,59.0,73.0,84.0,2.0,2.0,48.0,45.0,45.0,27.0,88.0,77.0,27.0,9.0,5.0,80.0,91.0
Ederson,Goalkeepers,3150,2022-2023 Premier League,16.0,66.0,20.0,63.0,63.0,88.0,2.0,20.0,52.0,27.0,5.0,41.0,9.0,95.0,13.0,13.0,5.0,66.0,41.0,70.0,91.0,77.0,9.0,48.0,48.0,27.0,39.0,25.0,98.0,23.0,25.0,2.0,2.0,23.0,98.0
Ederson,Goalkeepers,3194,2017-2018 Premier League,2.0,98.0,17.0,91.0,91.0,91.0,2.0,20.0,87.0,98.0,6.0,28.0,2.0,98.0,2.0,17.0,2.0,24.0,61.0,31.0,98.0,80.0,2.0,2.0,94.0,24.0,44.0,83.0,98.0,31.0,94.0,2.0,2.0,76.0,98.0
Ederson,Goalkeepers,3240,2020-2021 Premier League,25.0,83.0,40.0,94.0,98.0,85.0,2.0,21.0,81.0,83.0,10.0,71.0,2.0,98.0,21.0,35.0,6.0,69.0,75.0,10.0,90.0,52.0,17.0,25.0,21.0,75.0,38.0,71.0,94.0,92.0,62.0,6.0,2.0,48.0,94.0
Ederson,Goalkeepers,3330,2021-2022 Premier League,6.0,98.0,10.0,94.0,94.0,98.0,2.0,17.0,71.0,79.0,21.0,77.0,2.0,94.0,2.0,2.0,6.0,88.0,77.0,75.0,98.0,67.0,2.0,2.0,87.0,10.0,37.0,37.0,94.0,52.0,37.0,2.0,2.0,40.0,98.0
Ederson,Goalkeepers,3420,2018-2019 Premier League,6.0,89.0,13.0,94.0,94.0,74.0,2.0,59.0,91.0,69.0,6.0,56.0,2.0,94.0,6.0,6.0,6.0,78.0,80.0,9.0,69.0,61.0,2.0,2.0,48.0,33.0,44.0,30.0,98.0,91.0,30.0,2.0,2.0,80.0,98.0
Emiliano Martínez,Goalkeepers,450,2017-2018 La Liga,98.0,5.0,95.0,83.0,85.0,2.0,38.0,71.0,65.0,33.0,38.0,76.0,95.0,44.0,98.0,98.0,55.0,76.0,23.0,47.0,59.0,44.0,98.0,89.0,8.0,74.0,39.0,24.0,56.0,32.0,24.0,14.0,20.0,5.0,53.0
Emiliano Martínez,Goalkeepers,480,Last 365 Days Men's Next 14 Competitions,10.0,71.0,62.0,83.0,83.0,2.0,3.0,92.0,99.0,72.0,20.0,69.0,14.0,80.0,9.0,60.0,65.0,77.0,98.0,99.0,90.0,93.0,40.0,67.0,93.0,4.0,40.0,30.0,35.0,39.0,,17.0,16.0,41.0,63.0
Emiliano Martínez,Goalkeepers,540,2019-2020 Europa League,46.0,37.0,21.0,66.0,67.0,44.0,76.0,85.0,81.0,35.0,65.0,57.0,75.0,62.0,35.0,19.0,17.0,63.0,23.0,15.0,15.0,13.0,21.0,9.0,73.0,24.0,46.0,44.0,81.0,65.0,,65.0,61.0,73.0,71.0
Emiliano Martínez,Goalkeepers,540,2024-2025 Champions League,64.0,20.0,89.0,88.0,88.0,77.0,44.0,93.0,97.0,24.0,65.0,58.0,19.0,85.0,55.0,80.0,22.0,59.0,92.0,9.0,78.0,84.0,58.0,74.0,34.0,54.0,47.0,42.0,70.0,91.0,42.0,89.0,58.0,25.0,78.0
Emiliano Martínez,Goalkeepers,570,2021 Copa América,88.0,38.0,88.0,88.0,88.0,75.0,46.0,96.0,96.0,33.0,38.0,63.0,58.0,88.0,79.0,88.0,8.0,67.0,29.0,8.0,46.0,63.0,63.0,88.0,67.0,71.0,50.0,96.0,88.0,88.0,67.0,25.0,13.0,79.0,88.0
Emiliano Martínez,Goalkeepers,570,2024 Copa América,22.0,9.0,28.0,97.0,97.0,75.0,22.0,97.0,91.0,3.0,38.0,53.0,19.0,97.0,16.0,22.0,9.0,50.0,84.0,16.0,66.0,91.0,28.0,47.0,66.0,53.0,84.0,47.0,91.0,91.0,,22.0,3.0,75.0,97.0
Emiliano Martínez,Goalkeepers,690,2022 World Cup,62.0,42.0,60.0,62.0,62.0,68.0,52.0,95.0,92.0,45.0,52.0,52.0,22.0,52.0,62.0,58.0,17.0,5.0,25.0,30.0,2.0,23.0,58.0,15.0,22.0,68.0,48.0,43.0,85.0,18.0,43.0,8.0,12.0,68.0,82.0
Emiliano Martínez,Goalkeepers,771,2019-2020 Premier League,25.0,41.0,41.0,88.0,84.0,9.0,77.0,95.0,93.0,16.0,13.0,77.0,34.0,77.0,23.0,38.0,20.0,86.0,95.0,32.0,16.0,77.0,34.0,20.0,38.0,52.0,45.0,27.0,34.0,98.0,27.0,91.0,70.0,91.0,88.0
Emiliano Martínez,Goalkeepers,840,2023-2024 Europa Conference League,13.0,93.0,49.0,65.0,66.0,38.0,8.0,60.0,88.0,86.0,44.0,55.0,16.0,65.0,9.0,51.0,43.0,59.0,63.0,83.0,92.0,94.0,33.0,63.0,73.0,26.0,48.0,45.0,63.0,39.0,,28.0,19.0,59.0,78.0
Emiliano Martínez,Goalkeepers,1620,2018-2019 Championship,31.0,13.0,27.0,59.0,62.0,83.0,99.0,99.0,94.0,10.0,97.0,79.0,94.0,56.0,29.0,27.0,20.0,73.0,87.0,35.0,57.0,90.0,50.0,57.0,66.0,17.0,42.0,24.0,24.0,92.0,24.0,97.0,94.0,76.0,38.0
Emiliano Martínez,Goalkeepers,1845,2024-2025 Premier League,39.0,33.0,44.0,28.0,28.0,87.0,54.0,91.0,83.0,24.0,43.0,17.0,39.0,35.0,28.0,39.0,46.0,70.0,20.0,72.0,80.0,61.0,28.0,61.0,57.0,50.0,50.0,83.0,57.0,20.0,76.0,20.0,30.0,17.0,69.0
Emiliano Martínez,Goalkeepers,3015,2023-2024 Premier League,23.0,83.0,23.0,70.0,70.0,23.0,30.0,92.0,89.0,89.0,64.0,64.0,33.0,67.0,20.0,27.0,23.0,17.0,89.0,98.0,61.0,89.0,33.0,36.0,83.0,14.0,45.0,41.0,55.0,36.0,41.0,33.0,30.0,48.0,77.0
Emiliano Martínez,Goalkeepers,3139,2022-2023 Premier League,57.0,88.0,45.0,73.0,66.0,52.0,52.0,98.0,98.0,95.0,45.0,38.0,30.0,91.0,59.0,45.0,34.0,23.0,77.0,7.0,77.0,91.0,70.0,70.0,38.0,59.0,39.0,66.0,91.0,80.0,61.0,45.0,27.0,13.0,77.0
Emiliano Martínez,Goalkeepers,3240,2021-2022 Premier League,40.0,60.0,25.0,63.0,67.0,52.0,25.0,71.0,75.0,29.0,27.0,17.0,56.0,60.0,52.0,25.0,71.0,33.0,40.0,50.0,56.0,21.0,33.0,40.0,48.0,65.0,87.0,75.0,63.0,48.0,71.0,25.0,29.0,48.0,60.0
Emiliano Martínez,Goalkeepers,3420,2020-2021 Premier League,71.0,60.0,71.0,90.0,90.0,67.0,79.0,98.0,94.0,54.0,37.0,6.0,37.0,67.0,71.0,67.0,56.0,75.0,94.0,23.0,69.0,71.0,71.0,75.0,48.0,56.0,38.0,56.0,33.0,98.0,69.0,83.0,79.0,52.0,52.0
Emiliano Martínez,Goalkeepers,3600,"Last 365 Days Men's Big 5 Leagues, UCL, UEL",20.0,49.0,44.0,55.0,53.0,41.0,32.0,95.0,98.0,56.0,46.0,39.0,16.0,49.0,17.0,39.0,25.0,41.0,78.0,88.0,79.0,87.0,26.0,45.0,71.0,27.0,40.0,57.0,34.0,34.0,70.0,44.0,45.0,27.0,78.0
Filip Jørgensen,Goalkeepers,270,2022-2023 Europa Conference League,13.0,94.0,56.0,57.0,57.0,78.0,54.0,16.0,17.0,92.0,12.0,53.0,50.0,47.0,13.0,60.0,6.0,55.0,68.0,93.0,91.0,26.0,19.0,44.0,11.0,87.0,47.0,45.0,34.0,26.0,45.0,11.0,17.0,23.0,99.0
Filip Jørgensen,Goalkeepers,540,2024-2025 Conference League,1.0,42.0,20.0,63.0,64.0,24.0,13.0,80.0,94.0,43.0,17.0,52.0,1.0,85.0,1.0,16.0,8.0,60.0,90.0,31.0,1.0,94.0,1.0,1.0,65.0,30.0,49.0,43.0,55.0,90.0,,81.0,60.0,99.0,97.0
Filip Jørgensen,Goalkeepers,540,Last 365 Days Men's Next 14 Competitions,1.0,41.0,3.0,67.0,68.0,5.0,2.0,82.0,99.0,29.0,1.0,69.0,1.0,92.0,1.0,1.0,1.0,77.0,99.0,48.0,1.0,92.0,1.0,1.0,93.0,4.0,40.0,30.0,34.0,99.0,,99.0,88.0,99.0,99.0
Filip Jørgensen,Goalkeepers,990,2022-2023 Segunda División,16.0,16.0,23.0,56.0,56.0,1.0,57.0,71.0,65.0,21.0,27.0,5.0,79.0,51.0,12.0,13.0,62.0,74.0,63.0,55.0,43.0,62.0,13.0,12.0,57.0,30.0,43.0,32.0,39.0,51.0,32.0,59.0,65.0,94.0,57.0
Filip Jørgensen,Goalkeepers,1710,"Last 365 Days Men's Big 5 Leagues, UCL, UEL",27.0,41.0,16.0,38.0,38.0,70.0,89.0,60.0,36.0,46.0,72.0,70.0,61.0,50.0,24.0,14.0,11.0,38.0,66.0,30.0,71.0,33.0,22.0,25.0,26.0,57.0,40.0,27.0,41.0,83.0,27.0,82.0,73.0,65.0,79.0
Filip Jørgensen,Goalkeepers,3240,2023-2024 La Liga,20.0,43.0,17.0,15.0,17.0,9.0,98.0,72.0,46.0,43.0,50.0,11.0,46.0,13.0,20.0,17.0,43.0,52.0,31.0,30.0,72.0,72.0,20.0,30.0,17.0,65.0,37.0,28.0,13.0,52.0,28.0,98.0,98.0,83.0,57.0
Fraser Forster,Goalkeepers,180,2022-2023 Champions League,22.0,98.0,24.0,73.0,74.0,81.0,20.0,6.0,6.0,84.0,88.0,53.0,21.0,91.0,17.0,12.0,66.0,58.0,87.0,83.0,44.0,24.0,8.0,9.0,74.0,21.0,47.0,38.0,85.0,90.0,,47.0,26.0,99.0,9.0
Fraser Forster,Goalkeepers,360,2024-2025 Europa League,4.0,46.0,4.0,51.0,54.0,15.0,85.0,85.0,63.0,75.0,85.0,54.0,80.0,48.0,4.0,11.0,36.0,57.0,69.0,70.0,25.0,51.0,6.0,8.0,68.0,21.0,48.0,39.0,30.0,64.0,,86.0,79.0,85.0,25.0
Fraser Forster,Goalkeepers,630,2019-2020 Europa League,82.0,75.0,98.0,37.0,37.0,78.0,44.0,13.0,13.0,69.0,56.0,57.0,34.0,66.0,90.0,99.0,13.0,63.0,77.0,44.0,7.0,23.0,73.0,39.0,41.0,70.0,46.0,92.0,41.0,73.0,69.0,57.0,48.0,29.0,81.0
Fraser Forster,Goalkeepers,630,2024-2025 Premier League,17.0,6.0,2.0,20.0,20.0,46.0,31.0,24.0,28.0,6.0,57.0,63.0,91.0,15.0,24.0,2.0,87.0,70.0,83.0,83.0,57.0,6.0,6.0,6.0,4.0,94.0,50.0,37.0,2.0,44.0,37.0,81.0,89.0,50.0,13.0
Fraser Forster,Goalkeepers,720,2020-2021 Premier League,60.0,73.0,67.0,31.0,31.0,54.0,94.0,75.0,33.0,90.0,2.0,71.0,85.0,37.0,67.0,71.0,83.0,88.0,23.0,10.0,6.0,48.0,67.0,40.0,10.0,98.0,38.0,98.0,52.0,46.0,90.0,25.0,37.0,13.0,79.0
Fraser Forster,Goalkeepers,990,"Last 365 Days Men's Big 5 Leagues, UCL, UEL",6.0,29.0,1.0,26.0,27.0,32.0,50.0,51.0,45.0,38.0,84.0,70.0,93.0,11.0,11.0,1.0,72.0,84.0,91.0,95.0,25.0,15.0,1.0,1.0,17.0,67.0,40.0,26.0,1.0,57.0,26.0,96.0,96.0,75.0,11.0
Fraser Forster,Goalkeepers,1215,2022-2023 Premier League,27.0,52.0,41.0,41.0,34.0,16.0,59.0,5.0,9.0,52.0,55.0,9.0,45.0,20.0,27.0,41.0,41.0,91.0,27.0,95.0,20.0,9.0,27.0,13.0,30.0,84.0,39.0,95.0,20.0,16.0,71.0,13.0,38.0,73.0,55.0
Fraser Forster,Goalkeepers,1710,2021-2022 Premier League,79.0,21.0,67.0,29.0,29.0,29.0,58.0,75.0,65.0,63.0,62.0,77.0,44.0,29.0,79.0,71.0,63.0,21.0,71.0,88.0,33.0,44.0,71.0,71.0,52.0,33.0,37.0,37.0,10.0,40.0,37.0,79.0,79.0,21.0,48.0
Fraser Forster,Goalkeepers,1800,2017-2018 Premier League,46.0,65.0,61.0,19.0,19.0,80.0,28.0,13.0,13.0,35.0,83.0,17.0,28.0,37.0,43.0,48.0,65.0,80.0,13.0,6.0,9.0,6.0,35.0,24.0,94.0,13.0,44.0,61.0,46.0,52.0,94.0,83.0,87.0,35.0,19.0
Guglielmo Vicario,Goalkeepers,180,2024-2025 Europa League,1.0,64.0,1.0,87.0,87.0,74.0,89.0,94.0,75.0,87.0,14.0,54.0,65.0,95.0,1.0,1.0,10.0,57.0,82.0,2.0,33.0,71.0,1.0,4.0,68.0,95.0,99.0,39.0,89.0,99.0,,86.0,60.0,99.0,99.0
Guglielmo Vicario,Goalkeepers,1080,2024-2025 Premier League,2.0,46.0,6.0,67.0,67.0,39.0,39.0,94.0,87.0,72.0,6.0,63.0,20.0,80.0,2.0,6.0,61.0,70.0,87.0,96.0,35.0,76.0,2.0,2.0,83.0,11.0,50.0,37.0,69.0,35.0,,11.0,13.0,87.0,74.0
Guglielmo Vicario,Goalkeepers,2783,2022-2023 Serie A,65.0,5.0,65.0,42.0,42.0,22.0,98.0,92.0,67.0,28.0,92.0,70.0,15.0,58.0,58.0,62.0,42.0,45.0,72.0,60.0,18.0,88.0,65.0,45.0,38.0,72.0,98.0,75.0,25.0,73.0,63.0,68.0,65.0,52.0,38.0
Guglielmo Vicario,Goalkeepers,2790,"Last 365 Days Men's Big 5 Leagues, UCL, UEL",1.0,78.0,1.0,33.0,33.0,14.0,29.0,80.0,89.0,90.0,3.0,30.0,6.0,48.0,1.0,1.0,57.0,50.0,53.0,93.0,9.0,82.0,1.0,1.0,73.0,26.0,91.0,26.0,40.0,22.0,26.0,26.0,33.0,81.0,78.0
Guglielmo Vicario,Goalkeepers,2880,2018-2019 Serie B,55.0,55.0,77.0,17.0,17.0,83.0,77.0,39.0,36.0,48.0,81.0,69.0,73.0,59.0,52.0,83.0,50.0,69.0,77.0,16.0,14.0,83.0,73.0,58.0,44.0,72.0,45.0,77.0,33.0,86.0,67.0,86.0,83.0,98.0,23.0
Guglielmo Vicario,Goalkeepers,3150,2019-2020 Serie B,27.0,52.0,38.0,52.0,59.0,79.0,34.0,23.0,29.0,30.0,36.0,80.0,23.0,38.0,27.0,34.0,70.0,70.0,88.0,73.0,20.0,66.0,23.0,16.0,23.0,68.0,45.0,63.0,20.0,75.0,54.0,77.0,77.0,63.0,48.0
Guglielmo Vicario,Goalkeepers,3420,2021-2022 Serie A,18.0,55.0,50.0,37.0,40.0,48.0,85.0,95.0,79.0,82.0,76.0,34.0,50.0,15.0,21.0,50.0,63.0,5.0,68.0,69.0,24.0,66.0,27.0,18.0,55.0,66.0,98.0,79.0,11.0,47.0,69.0,85.0,84.0,82.0,31.0
Guglielmo Vicario,Goalkeepers,3420,2023-2024 Premier League,2.0,73.0,8.0,36.0,36.0,48.0,45.0,45.0,47.0,92.0,22.0,25.0,38.0,53.0,5.0,8.0,33.0,41.0,73.0,81.0,8.0,73.0,2.0,2.0,19.0,63.0,45.0,41.0,36.0,48.0,41.0,39.0,42.0,67.0,70.0
Jakub Stolarczyk,Goalkeepers,450,2024-2025 Premier League,52.0,5.0,38.0,4.0,4.0,23.0,95.0,77.0,59.0,16.0,4.0,63.0,63.0,13.0,82.0,63.0,98.0,70.0,13.0,98.0,80.0,41.0,77.0,89.0,82.0,13.0,50.0,38.0,23.0,2.0,,16.0,55.0,23.0,4.0
Jakub Stolarczyk,Goalkeepers,450,"Last 365 Days Men's Big 5 Leagues, UCL, UEL",36.0,8.0,51.0,1.0,1.0,27.0,95.0,81.0,65.0,35.0,1.0,70.0,49.0,5.0,76.0,65.0,99.0,84.0,3.0,99.0,89.0,54.0,75.0,90.0,97.0,1.0,40.0,27.0,12.0,1.0,,16.0,63.0,26.0,1.0
Joe Lumley,Goalkeepers,2430,2019-2020 Championship,19.0,59.0,29.0,8.0,8.0,21.0,66.0,36.0,31.0,71.0,28.0,14.0,59.0,11.0,16.0,29.0,59.0,84.0,14.0,75.0,56.0,86.0,19.0,31.0,16.0,79.0,44.0,36.0,11.0,24.0,36.0,54.0,74.0,89.0,66.0
Joe Lumley,Goalkeepers,3060,2021-2022 Championship,68.0,75.0,64.0,74.0,76.0,83.0,14.0,72.0,89.0,80.0,19.0,58.0,36.0,77.0,70.0,59.0,41.0,16.0,36.0,46.0,39.0,47.0,55.0,59.0,91.0,6.0,47.0,33.0,97.0,26.0,,11.0,3.0,24.0,80.0
Joe Lumley,Goalkeepers,3631,2022-2023 Championship,94.0,38.0,99.0,13.0,13.0,30.0,96.0,89.0,66.0,52.0,55.0,71.0,65.0,21.0,96.0,96.0,74.0,78.0,11.0,48.0,99.0,23.0,94.0,99.0,16.0,38.0,43.0,28.0,48.0,33.0,28.0,45.0,55.0,6.0,23.0
Joe Lumley,Goalkeepers,3780,2018-2019 Championship,62.0,59.0,52.0,72.0,74.0,73.0,64.0,62.0,60.0,71.0,26.0,50.0,59.0,41.0,64.0,52.0,76.0,73.0,52.0,79.0,65.0,55.0,76.0,87.0,10.0,85.0,87.0,24.0,36.0,52.0,24.0,41.0,48.0,34.0,50.0
John Ruddy,Goalkeepers,1530,Last 365 Days Men's Next 14 Competitions,82.0,24.0,72.0,55.0,55.0,18.0,82.0,99.0,99.0,27.0,15.0,69.0,89.0,67.0,73.0,75.0,80.0,77.0,75.0,30.0,25.0,38.0,77.0,65.0,93.0,4.0,40.0,30.0,52.0,81.0,,88.0,76.0,97.0,51.0
John Ruddy,Goalkeepers,3817,2022-2023 Championship,91.0,82.0,89.0,57.0,57.0,57.0,70.0,94.0,89.0,94.0,48.0,30.0,82.0,43.0,89.0,91.0,60.0,78.0,70.0,94.0,91.0,40.0,96.0,96.0,55.0,55.0,43.0,87.0,33.0,44.0,76.0,48.0,50.0,26.0,43.0
John Ruddy,Goalkeepers,3960,2023-2024 Championship,79.0,31.0,80.0,45.0,45.0,45.0,84.0,96.0,99.0,39.0,60.0,38.0,74.0,44.0,81.0,84.0,71.0,43.0,39.0,21.0,81.0,26.0,86.0,89.0,89.0,8.0,39.0,38.0,49.0,65.0,,84.0,79.0,86.0,26.0
Jordan Pickford,Goalkeepers,270,2017-2018 Europa League,98.0,91.0,88.0,13.0,13.0,77.0,32.0,53.0,62.0,97.0,68.0,58.0,73.0,7.0,86.0,63.0,87.0,58.0,12.0,36.0,16.0,56.0,92.0,61.0,6.0,90.0,49.0,46.0,13.0,38.0,46.0,76.0,87.0,44.0,10.0
Jordan Pickford,Goalkeepers,450,2022 World Cup,27.0,82.0,60.0,85.0,88.0,28.0,8.0,32.0,52.0,58.0,35.0,52.0,52.0,80.0,35.0,52.0,22.0,53.0,20.0,17.0,62.0,47.0,42.0,58.0,37.0,53.0,48.0,43.0,95.0,60.0,43.0,22.0,18.0,18.0,88.0
Jordan Pickford,Goalkeepers,690,2018 World Cup,53.0,92.0,37.0,44.0,44.0,48.0,34.0,44.0,50.0,89.0,47.0,60.0,37.0,66.0,50.0,27.0,47.0,66.0,50.0,47.0,68.0,92.0,69.0,79.0,44.0,47.0,45.0,45.0,66.0,60.0,45.0,44.0,44.0,76.0,69.0
Jordan Pickford,Goalkeepers,690,2021 UEFA Euro 2020,56.0,31.0,69.0,98.0,98.0,44.0,27.0,23.0,31.0,35.0,69.0,2.0,40.0,98.0,56.0,73.0,8.0,69.0,67.0,15.0,52.0,77.0,81.0,81.0,67.0,23.0,46.0,38.0,98.0,98.0,,44.0,10.0,83.0,85.0
Jordan Pickford,Goalkeepers,690,2024 UEFA Euro 2024,56.0,67.0,90.0,56.0,56.0,67.0,27.0,27.0,31.0,48.0,69.0,50.0,65.0,60.0,56.0,81.0,19.0,69.0,15.0,23.0,56.0,98.0,81.0,81.0,67.0,27.0,50.0,44.0,90.0,50.0,,23.0,27.0,77.0,73.0
Jordan Pickford,Goalkeepers,1800,2024-2025 Premier League,95.0,88.0,71.0,84.0,84.0,23.0,63.0,38.0,30.0,95.0,86.0,63.0,73.0,59.0,95.0,48.0,66.0,70.0,48.0,39.0,66.0,70.0,98.0,98.0,82.0,55.0,50.0,95.0,59.0,55.0,82.0,52.0,48.0,70.0,20.0
Jordan Pickford,Goalkeepers,2742,2020-2021 Premier League,75.0,46.0,79.0,71.0,75.0,40.0,67.0,48.0,37.0,63.0,29.0,23.0,25.0,52.0,75.0,75.0,48.0,58.0,71.0,81.0,77.0,90.0,83.0,90.0,88.0,21.0,87.0,27.0,44.0,52.0,27.0,52.0,56.0,71.0,75.0
Jordan Pickford,Goalkeepers,3150,2021-2022 Premier League,98.0,54.0,88.0,40.0,40.0,17.0,48.0,40.0,25.0,38.0,33.0,13.0,52.0,33.0,94.0,87.0,79.0,17.0,44.0,88.0,48.0,52.0,90.0,83.0,83.0,13.0,37.0,37.0,29.0,29.0,37.0,67.0,71.0,10.0,40.0
Jordan Pickford,Goalkeepers,3330,2022-2023 Premier League,98.0,84.0,98.0,27.0,27.0,91.0,73.0,27.0,16.0,66.0,80.0,20.0,77.0,38.0,98.0,98.0,66.0,91.0,80.0,73.0,57.0,52.0,95.0,95.0,34.0,63.0,39.0,57.0,13.0,66.0,55.0,88.0,77.0,16.0,16.0
Jordan Pickford,Goalkeepers,3330,"Last 365 Days Men's Big 5 Leagues, UCL, UEL",93.0,84.0,64.0,83.0,84.0,28.0,77.0,59.0,43.0,92.0,91.0,70.0,81.0,54.0,92.0,57.0,61.0,61.0,82.0,53.0,68.0,85.0,97.0,96.0,69.0,46.0,40.0,79.0,35.0,69.0,81.0,67.0,63.0,52.0,17.0
Jordan Pickford,Goalkeepers,3420,2017-2018 Premier League,80.0,76.0,98.0,50.0,50.0,57.0,54.0,39.0,31.0,69.0,46.0,72.0,76.0,24.0,65.0,74.0,46.0,80.0,46.0,67.0,24.0,65.0,91.0,69.0,44.0,61.0,91.0,48.0,20.0,52.0,56.0,69.0,72.0,69.0,61.0
Jordan Pickford,Goalkeepers,3420,2018-2019 Premier League,61.0,94.0,39.0,85.0,87.0,19.0,20.0,28.0,46.0,65.0,76.0,22.0,31.0,80.0,54.0,28.0,41.0,37.0,83.0,76.0,31.0,80.0,50.0,54.0,76.0,48.0,44.0,89.0,65.0,31.0,91.0,13.0,13.0,54.0,57.0
Jordan Pickford,Goalkeepers,3420,2019-2020 Premier League,70.0,45.0,50.0,45.0,45.0,57.0,34.0,63.0,63.0,38.0,57.0,20.0,27.0,34.0,59.0,48.0,57.0,18.0,45.0,86.0,66.0,91.0,77.0,80.0,57.0,48.0,91.0,27.0,54.0,20.0,27.0,25.0,34.0,77.0,52.0
Jordan Pickford,Goalkeepers,3420,2023-2024 Premier League,98.0,64.0,86.0,86.0,92.0,36.0,70.0,30.0,23.0,52.0,61.0,64.0,70.0,73.0,95.0,64.0,58.0,41.0,83.0,44.0,77.0,58.0,98.0,98.0,9.0,88.0,45.0,41.0,61.0,86.0,41.0,48.0,36.0,27.0,47.0
José Sá,Goalkeepers,300,2019-2020 Europa League,65.0,23.0,90.0,17.0,17.0,78.0,99.0,91.0,73.0,54.0,65.0,3.0,94.0,76.0,54.0,79.0,41.0,63.0,78.0,78.0,2.0,94.0,97.0,29.0,73.0,24.0,46.0,44.0,53.0,63.0,,55.0,39.0,56.0,46.0
José Sá,Goalkeepers,360,2020-2021 Europa League,72.0,92.0,85.0,52.0,52.0,6.0,67.0,11.0,11.0,94.0,22.0,2.0,76.0,38.0,74.0,85.0,59.0,60.0,9.0,8.0,29.0,80.0,97.0,81.0,74.0,20.0,47.0,44.0,74.0,49.0,,81.0,75.0,88.0,65.0
José Sá,Goalkeepers,450,2017-2018 Champions League,17.0,80.0,73.0,21.0,21.0,32.0,40.0,23.0,21.0,38.0,54.0,59.0,43.0,23.0,23.0,70.0,43.0,68.0,20.0,93.0,30.0,50.0,38.0,37.0,28.0,70.0,48.0,44.0,32.0,11.0,44.0,18.0,54.0,23.0,57.0
José Sá,Goalkeepers,540,2019-2020 Champions League,74.0,15.0,87.0,41.0,41.0,4.0,74.0,96.0,87.0,9.0,46.0,51.0,38.0,22.0,77.0,79.0,74.0,60.0,18.0,57.0,6.0,62.0,82.0,38.0,39.0,77.0,96.0,44.0,29.0,28.0,44.0,70.0,74.0,91.0,24.0
José Sá,Goalkeepers,540,2020-2021 Champions League,52.0,11.0,72.0,43.0,43.0,74.0,48.0,93.0,94.0,1.0,16.0,60.0,82.0,44.0,55.0,72.0,89.0,65.0,60.0,26.0,30.0,50.0,65.0,65.0,13.0,84.0,48.0,49.0,28.0,74.0,49.0,77.0,77.0,90.0,28.0
José Sá,Goalkeepers,630,2018-2019 Europa League,49.0,77.0,56.0,26.0,26.0,51.0,78.0,75.0,70.0,75.0,38.0,58.0,34.0,54.0,38.0,48.0,53.0,64.0,53.0,13.0,30.0,11.0,30.0,21.0,71.0,57.0,49.0,95.0,53.0,76.0,71.0,84.0,78.0,59.0,57.0
José Sá,Goalkeepers,1260,2024-2025 Premier League,88.0,91.0,71.0,55.0,59.0,13.0,80.0,63.0,52.0,88.0,34.0,9.0,59.0,9.0,82.0,73.0,73.0,7.0,9.0,57.0,9.0,27.0,66.0,41.0,13.0,95.0,50.0,91.0,34.0,9.0,70.0,30.0,59.0,38.0,38.0
José Sá,Goalkeepers,2745,"Last 365 Days Men's Big 5 Leagues, UCL, UEL",58.0,80.0,52.0,22.0,21.0,5.0,76.0,51.0,34.0,74.0,25.0,29.0,74.0,9.0,62.0,60.0,85.0,20.0,52.0,78.0,1.0,33.0,57.0,20.0,13.0,83.0,40.0,69.0,8.0,34.0,58.0,91.0,93.0,74.0,38.0
José Sá,Goalkeepers,3037,2023-2024 Premier League,55.0,19.0,42.0,27.0,27.0,52.0,73.0,89.0,73.0,17.0,42.0,20.0,77.0,38.0,52.0,48.0,77.0,67.0,95.0,70.0,2.0,27.0,55.0,11.0,5.0,95.0,45.0,41.0,14.0,81.0,41.0,80.0,73.0,86.0,52.0
José Sá,Goalkeepers,3240,2022-2023 Premier League,34.0,20.0,71.0,59.0,59.0,59.0,66.0,84.0,88.0,20.0,38.0,75.0,59.0,45.0,30.0,70.0,71.0,70.0,38.0,41.0,16.0,48.0,55.0,43.0,70.0,38.0,39.0,88.0,48.0,48.0,89.0,59.0,55.0,63.0,41.0
José Sá,Goalkeepers,3285,2021-2022 Premier League,62.0,33.0,42.0,63.0,63.0,94.0,63.0,83.0,87.0,48.0,13.0,40.0,29.0,83.0,44.0,38.0,67.0,63.0,98.0,17.0,17.0,33.0,37.0,29.0,10.0,90.0,83.0,37.0,44.0,98.0,37.0,71.0,52.0,90.0,63.0
João Virgínia,Goalkeepers,1530,vs. Goalkeepers,58.0,35.0,63.0,38.0,38.0,48.0,75.0,52.0,48.0,40.0,21.0,69.0,98.0,46.0,37.0,56.0,87.0,31.0,87.0,23.0,71.0,67.0,56.0,71.0,13.0,83.0,46.0,35.0,21.0,83.0,37.0,94.0,87.0,87.0,10.0
Kepa Arrizabalaga,Goalkeepers,360,2023-2024 Champions League,27.0,38.0,12.0,68.0,68.0,27.0,79.0,74.0,73.0,27.0,12.0,58.0,29.0,71.0,17.0,18.0,6.0,64.0,24.0,5.0,37.0,53.0,12.0,12.0,26.0,71.0,46.0,44.0,83.0,68.0,44.0,27.0,22.0,99.0,97.0
Kepa Arrizabalaga,Goalkeepers,540,2019-2020 Champions League,30.0,82.0,57.0,41.0,41.0,24.0,26.0,68.0,80.0,78.0,77.0,51.0,38.0,62.0,33.0,55.0,21.0,4.0,41.0,46.0,89.0,30.0,30.0,60.0,80.0,52.0,45.0,98.0,77.0,13.0,80.0,9.0,20.0,33.0,68.0
Kepa Arrizabalaga,Goalkeepers,585,2020-2021 Premier League,13.0,6.0,25.0,71.0,56.0,94.0,10.0,6.0,40.0,2.0,75.0,71.0,52.0,63.0,13.0,21.0,33.0,88.0,63.0,98.0,87.0,87.0,21.0,33.0,40.0,48.0,38.0,27.0,48.0,29.0,27.0,13.0,29.0,94.0,37.0
Kepa Arrizabalaga,Goalkeepers,810,2022-2023 Champions League,47.0,74.0,80.0,55.0,55.0,59.0,24.0,58.0,65.0,64.0,36.0,53.0,24.0,76.0,45.0,83.0,56.0,58.0,50.0,48.0,22.0,43.0,49.0,31.0,74.0,21.0,47.0,38.0,80.0,65.0,,47.0,38.0,92.0,53.0
Kepa Arrizabalaga,Goalkeepers,1198,2023-2024 La Liga,13.0,65.0,6.0,98.0,98.0,94.0,17.0,20.0,20.0,13.0,6.0,59.0,17.0,98.0,13.0,6.0,9.0,20.0,76.0,46.0,48.0,69.0,13.0,9.0,91.0,7.0,37.0,28.0,98.0,94.0,,9.0,2.0,43.0,94.0
Kepa Arrizabalaga,Goalkeepers,1200,2018-2019 Europa League,5.0,34.0,15.0,93.0,93.0,57.0,22.0,25.0,31.0,21.0,40.0,58.0,15.0,95.0,2.0,14.0,4.0,64.0,50.0,49.0,92.0,75.0,4.0,17.0,71.0,24.0,49.0,44.0,96.0,51.0,,7.0,2.0,27.0,96.0
Kepa Arrizabalaga,Goalkeepers,1260,2024-2025 Premier League,61.0,80.0,31.0,74.0,74.0,76.0,35.0,31.0,39.0,76.0,30.0,63.0,69.0,65.0,61.0,43.0,43.0,70.0,72.0,24.0,83.0,17.0,46.0,69.0,46.0,43.0,50.0,37.0,46.0,80.0,37.0,72.0,61.0,20.0,74.0
Kepa Arrizabalaga,Goalkeepers,1468,"Last 365 Days Men's Big 5 Leagues, UCL, UEL",43.0,81.0,42.0,87.0,86.0,92.0,20.0,46.0,63.0,86.0,24.0,70.0,76.0,68.0,47.0,44.0,23.0,84.0,77.0,53.0,95.0,20.0,40.0,68.0,77.0,10.0,40.0,27.0,48.0,79.0,27.0,73.0,59.0,26.0,84.0
Kepa Arrizabalaga,Goalkeepers,2565,2022-2023 Premier League,5.0,91.0,16.0,70.0,71.0,77.0,27.0,16.0,20.0,84.0,77.0,27.0,34.0,77.0,5.0,16.0,50.0,30.0,91.0,59.0,41.0,73.0,5.0,5.0,91.0,5.0,39.0,25.0,66.0,77.0,25.0,77.0,45.0,80.0,38.0
Kepa Arrizabalaga,Goalkeepers,2700,2017-2018 La Liga,62.0,47.0,71.0,26.0,26.0,39.0,26.0,68.0,70.0,39.0,80.0,11.0,17.0,41.0,65.0,62.0,71.0,18.0,56.0,58.0,95.0,77.0,74.0,95.0,80.0,26.0,39.0,80.0,29.0,38.0,89.0,68.0,74.0,44.0,23.0
Kepa Arrizabalaga,Goalkeepers,2970,2019-2020 Premier League,13.0,75.0,16.0,55.0,55.0,20.0,9.0,59.0,93.0,66.0,16.0,27.0,16.0,45.0,9.0,16.0,41.0,23.0,16.0,86.0,52.0,73.0,13.0,13.0,63.0,27.0,45.0,27.0,77.0,2.0,27.0,2.0,13.0,48.0,80.0
Kepa Arrizabalaga,Goalkeepers,3240,2018-2019 Premier League,2.0,98.0,2.0,91.0,91.0,41.0,9.0,35.0,54.0,57.0,65.0,80.0,9.0,87.0,2.0,2.0,9.0,78.0,65.0,59.0,98.0,72.0,6.0,6.0,87.0,17.0,44.0,69.0,91.0,44.0,83.0,9.0,9.0,65.0,83.0
Mads Hermansen,Goalkeepers,450,2021-2022 Europa League,42.0,29.0,33.0,43.0,43.0,75.0,38.0,22.0,24.0,48.0,69.0,1.0,81.0,22.0,61.0,38.0,80.0,60.0,43.0,70.0,37.0,83.0,83.0,69.0,77.0,19.0,49.0,40.0,19.0,33.0,,81.0,85.0,97.0,13.0
Mads Hermansen,Goalkeepers,1395,2024-2025 Premier League,71.0,30.0,77.0,13.0,13.0,55.0,91.0,70.0,55.0,27.0,63.0,63.0,66.0,23.0,66.0,80.0,77.0,13.0,91.0,84.0,23.0,55.0,70.0,52.0,48.0,41.0,50.0,38.0,5.0,27.0,38.0,91.0,89.0,84.0,23.0
Mads Hermansen,Goalkeepers,1395,"Last 365 Days Men's Big 5 Leagues, UCL, UEL",57.0,37.0,66.0,4.0,4.0,55.0,93.0,80.0,63.0,43.0,74.0,70.0,55.0,9.0,60.0,78.0,83.0,5.0,97.0,99.0,7.0,67.0,70.0,49.0,73.0,13.0,40.0,27.0,1.0,28.0,27.0,96.0,96.0,94.0,12.0
Mads Hermansen,Goalkeepers,1620,Last 365 Days Men's Next 14 Competitions,5.0,98.0,10.0,29.0,30.0,71.0,2.0,18.0,56.0,93.0,4.0,69.0,1.0,68.0,6.0,12.0,62.0,29.0,71.0,93.0,19.0,94.0,16.0,9.0,94.0,16.0,40.0,82.0,62.0,17.0,94.0,8.0,13.0,80.0,84.0
Mads Hermansen,Goalkeepers,3960,2023-2024 Championship,11.0,96.0,10.0,75.0,76.0,45.0,4.0,28.0,64.0,89.0,14.0,38.0,1.0,96.0,4.0,9.0,9.0,63.0,89.0,46.0,56.0,96.0,19.0,21.0,89.0,19.0,39.0,81.0,86.0,93.0,89.0,31.0,19.0,51.0,99.0
Marcus Bettinelli,Goalkeepers,630,2018-2019 Premier League,31.0,76.0,43.0,4.0,4.0,69.0,98.0,2.0,2.0,94.0,91.0,80.0,94.0,6.0,39.0,50.0,80.0,78.0,9.0,98.0,94.0,76.0,61.0,87.0,28.0,94.0,98.0,98.0,6.0,2.0,83.0,39.0,91.0,69.0,9.0
Marcus Bettinelli,Goalkeepers,1242,2019-2020 Championship,6.0,94.0,9.0,70.0,61.0,76.0,4.0,8.0,14.0,91.0,66.0,73.0,24.0,76.0,6.0,11.0,29.0,84.0,24.0,86.0,43.0,84.0,6.0,6.0,61.0,34.0,44.0,36.0,91.0,16.0,36.0,1.0,4.0,49.0,61.0
Marcus Bettinelli,Goalkeepers,3690,2020-2021 Championship,89.0,68.0,81.0,49.0,49.0,71.0,1.0,21.0,34.0,39.0,34.0,36.0,6.0,61.0,89.0,86.0,46.0,29.0,11.0,11.0,9.0,51.0,91.0,79.0,46.0,49.0,84.0,31.0,91.0,14.0,31.0,16.0,19.0,6.0,61.0
Mark Travers,Goalkeepers,450,2024-2025 Premier League,76.0,26.0,98.0,39.0,44.0,22.0,46.0,2.0,2.0,33.0,85.0,2.0,87.0,83.0,76.0,94.0,24.0,70.0,98.0,91.0,89.0,9.0,65.0,87.0,83.0,11.0,50.0,37.0,17.0,94.0,,87.0,69.0,91.0,57.0
Mark Travers,Goalkeepers,810,"Last 365 Days Men's Big 5 Leagues, UCL, UEL",88.0,50.0,93.0,80.0,80.0,67.0,49.0,10.0,11.0,41.0,38.0,2.0,84.0,82.0,89.0,93.0,44.0,84.0,99.0,84.0,72.0,4.0,70.0,83.0,52.0,32.0,40.0,27.0,26.0,98.0,27.0,89.0,68.0,69.0,68.0
Mark Travers,Goalkeepers,1035,2022-2023 Premier League,45.0,9.0,55.0,23.0,23.0,2.0,98.0,13.0,5.0,2.0,2.0,75.0,98.0,5.0,63.0,52.0,95.0,5.0,9.0,95.0,98.0,13.0,63.0,84.0,16.0,73.0,39.0,25.0,2.0,9.0,25.0,73.0,98.0,52.0,9.0
Mark Travers,Goalkeepers,1170,2023-2024 Championship,69.0,34.0,89.0,16.0,19.0,16.0,39.0,76.0,78.0,34.0,11.0,1.0,91.0,46.0,76.0,86.0,84.0,84.0,44.0,10.0,71.0,44.0,89.0,91.0,36.0,84.0,99.0,38.0,44.0,93.0,38.0,89.0,86.0,54.0,56.0
Mark Travers,Goalkeepers,4050,2021-2022 Championship,14.0,28.0,14.0,93.0,95.0,45.0,47.0,18.0,14.0,14.0,59.0,58.0,24.0,91.0,16.0,18.0,3.0,23.0,74.0,13.0,20.0,14.0,7.0,3.0,49.0,34.0,47.0,33.0,91.0,86.0,33.0,47.0,26.0,56.0,97.0
Martin Dúbravka,Goalkeepers,270,2021 UEFA Euro 2020,23.0,2.0,60.0,19.0,19.0,4.0,90.0,83.0,60.0,4.0,21.0,52.0,73.0,10.0,31.0,60.0,83.0,2.0,98.0,79.0,19.0,90.0,69.0,52.0,8.0,94.0,46.0,94.0,10.0,29.0,56.0,69.0,71.0,52.0,52.0
Martin Dúbravka,Goalkeepers,390,2024 UEFA Euro 2024,38.0,48.0,94.0,46.0,46.0,67.0,60.0,38.0,27.0,63.0,40.0,50.0,48.0,44.0,52.0,90.0,67.0,69.0,19.0,23.0,31.0,90.0,65.0,63.0,17.0,79.0,50.0,44.0,56.0,58.0,44.0,35.0,46.0,67.0,44.0
Martin Dúbravka,Goalkeepers,540,2024-2025 Premier League,13.0,50.0,28.0,98.0,98.0,94.0,24.0,76.0,80.0,9.0,2.0,63.0,46.0,98.0,6.0,24.0,4.0,70.0,94.0,2.0,9.0,28.0,20.0,13.0,83.0,11.0,50.0,37.0,98.0,98.0,,11.0,2.0,59.0,98.0
Martin Dúbravka,Goalkeepers,1080,2017-2018 Premier League,24.0,35.0,35.0,70.0,72.0,96.0,50.0,83.0,81.0,57.0,2.0,72.0,35.0,87.0,28.0,31.0,54.0,80.0,91.0,98.0,15.0,20.0,24.0,28.0,94.0,41.0,44.0,98.0,72.0,69.0,94.0,13.0,13.0,17.0,76.0
Martin Dúbravka,Goalkeepers,1170,2020-2021 Premier League,48.0,29.0,48.0,21.0,21.0,94.0,98.0,56.0,15.0,40.0,94.0,71.0,98.0,29.0,44.0,42.0,21.0,33.0,29.0,35.0,98.0,44.0,52.0,63.0,79.0,10.0,38.0,27.0,37.0,46.0,27.0,79.0,75.0,79.0,48.0
Martin Dúbravka,Goalkeepers,1890,"Last 365 Days Men's Big 5 Leagues, UCL, UEL",3.0,51.0,32.0,89.0,89.0,27.0,23.0,66.0,77.0,55.0,26.0,70.0,65.0,73.0,3.0,42.0,8.0,84.0,42.0,20.0,22.0,11.0,9.0,5.0,59.0,26.0,40.0,27.0,76.0,76.0,27.0,50.0,43.0,95.0,95.0
Martin Dúbravka,Goalkeepers,1985,2023-2024 Premier League,11.0,28.0,33.0,63.0,64.0,42.0,42.0,55.0,52.0,30.0,33.0,64.0,80.0,23.0,8.0,39.0,55.0,86.0,64.0,48.0,45.0,14.0,11.0,8.0,23.0,92.0,45.0,89.0,20.0,64.0,78.0,83.0,80.0,98.0,61.0
Martin Dúbravka,Goalkeepers,2340,2021-2022 Premier League,71.0,17.0,88.0,71.0,71.0,21.0,37.0,63.0,52.0,13.0,17.0,77.0,94.0,56.0,71.0,98.0,37.0,42.0,83.0,98.0,79.0,37.0,79.0,87.0,79.0,17.0,37.0,37.0,40.0,44.0,37.0,40.0,37.0,6.0,79.0
Martin Dúbravka,Goalkeepers,3420,2018-2019 Premier League,43.0,13.0,65.0,69.0,72.0,19.0,83.0,98.0,85.0,46.0,76.0,22.0,69.0,70.0,43.0,65.0,61.0,52.0,39.0,35.0,35.0,43.0,46.0,50.0,22.0,67.0,44.0,30.0,76.0,65.0,30.0,24.0,20.0,46.0,35.0
Martin Dúbravka,Goalkeepers,3420,2019-2020 Premier League,77.0,14.0,80.0,66.0,66.0,25.0,91.0,48.0,30.0,46.0,66.0,20.0,91.0,30.0,80.0,84.0,63.0,38.0,84.0,86.0,70.0,13.0,84.0,88.0,68.0,21.0,45.0,27.0,13.0,63.0,27.0,84.0,88.0,16.0,34.0
Matt Turner,Goalkeepers,225,2024 Copa América,66.0,84.0,69.0,69.0,50.0,75.0,66.0,34.0,16.0,72.0,16.0,53.0,56.0,53.0,59.0,59.0,78.0,50.0,63.0,25.0,3.0,66.0,78.0,16.0,66.0,25.0,41.0,47.0,66.0,50.0,,59.0,47.0,53.0,66.0
Matt Turner,Goalkeepers,360,2022 World Cup,32.0,58.0,72.0,73.0,73.0,68.0,28.0,98.0,95.0,70.0,92.0,52.0,10.0,63.0,22.0,65.0,28.0,53.0,35.0,5.0,38.0,63.0,33.0,38.0,28.0,62.0,48.0,43.0,78.0,67.0,43.0,33.0,28.0,85.0,20.0
Matt Turner,Goalkeepers,450,2022 Major League Soccer,28.0,35.0,29.0,44.0,45.0,98.0,28.0,40.0,46.0,9.0,99.0,76.0,1.0,65.0,16.0,26.0,1.0,74.0,45.0,96.0,93.0,77.0,16.0,48.0,94.0,5.0,46.0,26.0,67.0,4.0,,4.0,4.0,79.0,57.0
Matt Turner,Goalkeepers,450,2022-2023 Europa League,39.0,81.0,46.0,97.0,97.0,35.0,5.0,32.0,61.0,95.0,55.0,55.0,9.0,93.0,51.0,46.0,4.0,64.0,87.0,71.0,75.0,55.0,35.0,53.0,23.0,73.0,49.0,46.0,81.0,92.0,46.0,17.0,9.0,53.0,99.0
Matt Turner,Goalkeepers,1530,2023-2024 Premier League,67.0,33.0,72.0,22.0,22.0,39.0,92.0,95.0,84.0,39.0,83.0,6.0,86.0,48.0,67.0,86.0,72.0,86.0,14.0,20.0,92.0,30.0,73.0,89.0,48.0,48.0,45.0,41.0,64.0,45.0,41.0,45.0,48.0,92.0,20.0
Matt Turner,Goalkeepers,1765,2019 Major League Soccer,78.0,46.0,78.0,72.0,72.0,12.0,51.0,36.0,28.0,25.0,93.0,71.0,49.0,64.0,80.0,61.0,14.0,78.0,99.0,68.0,41.0,7.0,54.0,51.0,80.0,9.0,42.0,22.0,9.0,93.0,22.0,96.0,86.0,72.0,64.0
Matt Turner,Goalkeepers,1980,2020 Major League Soccer,76.0,69.0,72.0,59.0,59.0,4.0,15.0,72.0,86.0,76.0,72.0,68.0,34.0,72.0,69.0,55.0,39.0,16.0,99.0,68.0,42.0,72.0,69.0,69.0,72.0,20.0,42.0,36.0,42.0,73.0,36.0,66.0,55.0,82.0,45.0
Matt Turner,Goalkeepers,2430,2018 Major League Soccer,38.0,88.0,38.0,43.0,43.0,26.0,25.0,46.0,50.0,90.0,85.0,72.0,25.0,60.0,29.0,29.0,40.0,29.0,85.0,86.0,88.0,46.0,18.0,38.0,69.0,38.0,43.0,72.0,49.0,43.0,69.0,43.0,40.0,82.0,38.0
Matt Turner,Goalkeepers,2520,2021 Major League Soccer,79.0,59.0,82.0,41.0,41.0,42.0,47.0,94.0,99.0,47.0,40.0,70.0,49.0,60.0,66.0,74.0,5.0,43.0,95.0,46.0,66.0,45.0,70.0,78.0,63.0,63.0,46.0,93.0,30.0,76.0,86.0,80.0,74.0,91.0,97.0
Matz Sels,Goalkeepers,270,2017-2018 Champions League,94.0,60.0,87.0,21.0,21.0,79.0,50.0,7.0,7.0,61.0,18.0,2.0,91.0,6.0,99.0,84.0,95.0,68.0,9.0,43.0,65.0,30.0,96.0,93.0,11.0,80.0,48.0,44.0,11.0,35.0,44.0,82.0,89.0,11.0,16.0
Matz Sels,Goalkeepers,540,2020-2021 Ligue 1,98.0,2.0,90.0,2.0,2.0,2.0,57.0,81.0,83.0,9.0,86.0,2.0,74.0,5.0,98.0,81.0,72.0,81.0,5.0,74.0,57.0,22.0,83.0,78.0,9.0,88.0,33.0,26.0,19.0,5.0,26.0,19.0,64.0,36.0,7.0
Matz Sels,Goalkeepers,1440,2023-2024 Premier League,70.0,8.0,38.0,14.0,14.0,2.0,52.0,27.0,20.0,8.0,70.0,64.0,45.0,42.0,77.0,36.0,83.0,11.0,8.0,36.0,89.0,2.0,39.0,58.0,66.0,27.0,45.0,41.0,83.0,5.0,41.0,17.0,17.0,11.0,23.0
Matz Sels,Goalkeepers,1710,2023-2024 Ligue 1,70.0,68.0,25.0,11.0,11.0,61.0,48.0,7.0,7.0,66.0,98.0,68.0,57.0,57.0,70.0,16.0,39.0,2.0,30.0,91.0,80.0,34.0,57.0,66.0,84.0,11.0,39.0,23.0,84.0,2.0,23.0,2.0,7.0,16.0,34.0
Matz Sels,Goalkeepers,1890,2024-2025 Premier League,98.0,2.0,94.0,94.0,94.0,67.0,98.0,35.0,13.0,2.0,37.0,22.0,76.0,87.0,98.0,98.0,20.0,70.0,57.0,13.0,65.0,2.0,94.0,91.0,63.0,28.0,50.0,37.0,87.0,87.0,37.0,50.0,24.0,2.0,85.0
Matz Sels,Goalkeepers,2430,2019-2020 Ligue 1,93.0,7.0,84.0,43.0,43.0,48.0,34.0,52.0,64.0,7.0,30.0,70.0,39.0,48.0,89.0,70.0,70.0,84.0,66.0,50.0,84.0,43.0,80.0,84.0,7.0,93.0,39.0,66.0,39.0,61.0,52.0,39.0,39.0,34.0,73.0
Matz Sels,Goalkeepers,2880,2017-2018 Belgian First Division A,40.0,64.0,45.0,64.0,67.0,33.0,33.0,12.0,17.0,67.0,40.0,67.0,12.0,60.0,33.0,26.0,43.0,22.0,78.0,62.0,64.0,9.0,12.0,22.0,60.0,60.0,45.0,74.0,43.0,59.0,79.0,50.0,47.0,69.0,74.0
Matz Sels,Goalkeepers,3330,2018-2019 Ligue 1,70.0,16.0,80.0,20.0,20.0,66.0,73.0,70.0,55.0,48.0,98.0,16.0,88.0,55.0,63.0,73.0,45.0,48.0,41.0,32.0,48.0,45.0,66.0,70.0,18.0,86.0,41.0,66.0,52.0,50.0,48.0,38.0,50.0,80.0,38.0
Matz Sels,Goalkeepers,3330,2021-2022 Ligue 1,54.0,31.0,46.0,81.0,84.0,60.0,31.0,13.0,13.0,46.0,69.0,71.0,16.0,69.0,69.0,40.0,19.0,60.0,28.0,10.0,81.0,19.0,28.0,51.0,56.0,34.0,46.0,38.0,90.0,63.0,38.0,22.0,16.0,19.0,72.0
Matz Sels,Goalkeepers,3420,2022-2023 Ligue 1,82.0,58.0,67.0,35.0,42.0,57.0,48.0,42.0,45.0,55.0,75.0,40.0,12.0,35.0,85.0,60.0,60.0,87.0,32.0,42.0,48.0,12.0,55.0,52.0,15.0,77.0,85.0,30.0,38.0,42.0,32.0,48.0,55.0,12.0,38.0
Matz Sels,Goalkeepers,3420,"Last 365 Days Men's Big 5 Leagues, UCL, UEL",92.0,1.0,77.0,60.0,61.0,11.0,86.0,34.0,22.0,1.0,52.0,37.0,68.0,64.0,95.0,82.0,41.0,38.0,27.0,30.0,73.0,1.0,68.0,80.0,83.0,7.0,40.0,27.0,83.0,41.0,27.0,36.0,27.0,2.0,64.0
Neto,Goalkeepers,270,2020-2021 Champions League,4.0,89.0,33.0,90.0,90.0,74.0,18.0,9.0,9.0,67.0,16.0,60.0,70.0,93.0,6.0,37.0,6.0,65.0,70.0,12.0,13.0,28.0,11.0,4.0,39.0,61.0,48.0,49.0,91.0,96.0,49.0,2.0,1.0,50.0,98.0
Neto,Goalkeepers,450,2018-2019 Champions League,76.0,27.0,58.0,46.0,46.0,82.0,86.0,90.0,76.0,29.0,78.0,63.0,63.0,74.0,73.0,55.0,50.0,56.0,83.0,4.0,56.0,4.0,37.0,53.0,3.0,97.0,47.0,42.0,54.0,94.0,42.0,71.0,55.0,64.0,32.0
Neto,Goalkeepers,630,2020-2021 La Liga,2.0,29.0,2.0,89.0,89.0,34.0,21.0,32.0,44.0,63.0,45.0,69.0,47.0,89.0,5.0,2.0,24.0,81.0,89.0,11.0,50.0,69.0,2.0,2.0,5.0,89.0,35.0,23.0,69.0,98.0,23.0,66.0,47.0,92.0,73.0
Neto,Goalkeepers,720,2018-2019 Europa League,30.0,58.0,75.0,70.0,70.0,79.0,46.0,54.0,57.0,28.0,35.0,58.0,57.0,59.0,36.0,85.0,23.0,64.0,30.0,26.0,34.0,1.0,33.0,25.0,34.0,55.0,49.0,44.0,67.0,66.0,44.0,56.0,47.0,57.0,91.0
Neto,Goalkeepers,1530,"Last 365 Days Men's Big 5 Leagues, UCL, UEL",77.0,64.0,59.0,10.0,10.0,93.0,41.0,36.0,34.0,61.0,94.0,70.0,77.0,25.0,78.0,61.0,50.0,84.0,89.0,88.0,52.0,26.0,69.0,74.0,20.0,65.0,40.0,27.0,10.0,59.0,27.0,88.0,85.0,78.0,24.0
Neto,Goalkeepers,2385,2022-2023 Premier League,77.0,13.0,59.0,41.0,41.0,13.0,95.0,88.0,57.0,30.0,59.0,75.0,88.0,52.0,77.0,80.0,63.0,55.0,73.0,21.0,73.0,27.0,77.0,80.0,27.0,77.0,91.0,25.0,30.0,86.0,25.0,91.0,91.0,66.0,52.0
Neto,Goalkeepers,2880,2023-2024 Premier League,77.0,36.0,48.0,55.0,55.0,92.0,39.0,39.0,38.0,42.0,77.0,16.0,58.0,38.0,73.0,52.0,52.0,63.0,67.0,70.0,52.0,36.0,70.0,67.0,39.0,67.0,45.0,84.0,27.0,58.0,75.0,64.0,67.0,55.0,36.0
Neto,Goalkeepers,2970,2017-2018 La Liga,55.0,2.0,65.0,56.0,56.0,53.0,86.0,44.0,33.0,8.0,47.0,44.0,62.0,82.0,50.0,53.0,26.0,76.0,95.0,30.0,21.0,2.0,29.0,26.0,62.0,53.0,39.0,77.0,50.0,86.0,74.0,89.0,61.0,62.0,83.0
Neto,Goalkeepers,3060,2018-2019 La Liga,59.0,33.0,69.0,70.0,70.0,45.0,80.0,16.0,11.0,20.0,92.0,36.0,58.0,83.0,58.0,64.0,14.0,28.0,86.0,3.0,14.0,8.0,27.0,17.0,20.0,75.0,44.0,64.0,70.0,92.0,56.0,73.0,48.0,64.0,73.0
Nick Pope,Goalkeepers,450,2023-2024 Champions League,63.0,44.0,96.0,54.0,55.0,83.0,83.0,86.0,78.0,71.0,91.0,58.0,94.0,82.0,67.0,96.0,51.0,64.0,99.0,44.0,31.0,1.0,65.0,47.0,32.0,63.0,46.0,44.0,22.0,99.0,44.0,94.0,86.0,91.0,29.0
Nick Pope,Goalkeepers,1345,2023-2024 Premier League,39.0,92.0,45.0,92.0,89.0,83.0,14.0,23.0,38.0,83.0,11.0,2.0,52.0,86.0,23.0,45.0,27.0,86.0,70.0,56.0,48.0,5.0,17.0,17.0,92.0,6.0,45.0,41.0,80.0,70.0,,27.0,23.0,95.0,86.0
Nick Pope,Goalkeepers,1350,2024-2025 Premier League,56.0,61.0,35.0,39.0,44.0,80.0,69.0,80.0,76.0,91.0,67.0,63.0,80.0,50.0,39.0,31.0,56.0,24.0,61.0,37.0,13.0,13.0,31.0,17.0,83.0,11.0,50.0,37.0,50.0,69.0,,69.0,65.0,98.0,43.0
Nick Pope,Goalkeepers,1440,"Last 365 Days Men's Big 5 Leagues, UCL, UEL",43.0,66.0,55.0,30.0,30.0,91.0,65.0,94.0,94.0,92.0,69.0,70.0,89.0,45.0,40.0,51.0,39.0,24.0,68.0,67.0,5.0,6.0,28.0,13.0,96.0,1.0,40.0,27.0,36.0,52.0,,82.0,74.0,99.0,52.0
Nick Pope,Goalkeepers,2880,2020-2021 Premier League,98.0,94.0,94.0,79.0,79.0,54.0,87.0,94.0,81.0,94.0,67.0,71.0,79.0,75.0,98.0,90.0,63.0,63.0,98.0,35.0,40.0,37.0,94.0,98.0,63.0,13.0,38.0,27.0,40.0,87.0,27.0,87.0,71.0,33.0,40.0
Nick Pope,Goalkeepers,3115,2017-2018 Premier League,98.0,24.0,91.0,76.0,76.0,83.0,94.0,98.0,98.0,61.0,72.0,72.0,61.0,76.0,98.0,87.0,31.0,50.0,87.0,15.0,35.0,83.0,98.0,94.0,39.0,69.0,98.0,54.0,57.0,94.0,56.0,80.0,61.0,54.0,65.0
Nick Pope,Goalkeepers,3240,2021-2022 Premier League,94.0,90.0,98.0,52.0,52.0,48.0,90.0,87.0,83.0,94.0,83.0,37.0,75.0,63.0,98.0,94.0,60.0,58.0,48.0,23.0,67.0,13.0,94.0,90.0,37.0,52.0,37.0,37.0,56.0,83.0,37.0,63.0,60.0,29.0,25.0
Nick Pope,Goalkeepers,3261,2022-2023 Premier League,57.0,95.0,91.0,91.0,91.0,34.0,20.0,55.0,91.0,91.0,95.0,75.0,27.0,98.0,48.0,88.0,2.0,73.0,70.0,7.0,48.0,2.0,30.0,38.0,73.0,55.0,84.0,84.0,95.0,86.0,89.0,20.0,9.0,98.0,84.0
Nick Pope,Goalkeepers,3420,2019-2020 Premier League,95.0,52.0,95.0,91.0,91.0,38.0,84.0,98.0,98.0,77.0,45.0,77.0,77.0,59.0,91.0,88.0,48.0,66.0,41.0,21.0,27.0,48.0,91.0,77.0,41.0,59.0,45.0,57.0,66.0,73.0,61.0,63.0,45.0,52.0,61.0
Odisseas Vlachodimos,Goalkeepers,180,2019-2020 Europa League,27.0,1.0,5.0,17.0,17.0,9.0,1.0,13.0,13.0,5.0,85.0,57.0,13.0,6.0,29.0,3.0,65.0,2.0,51.0,32.0,87.0,11.0,6.0,13.0,73.0,24.0,46.0,44.0,11.0,50.0,,99.0,98.0,45.0,11.0
Odisseas Vlachodimos,Goalkeepers,360,2020-2021 Europa League,22.0,77.0,39.0,88.0,88.0,74.0,38.0,82.0,88.0,86.0,69.0,56.0,46.0,61.0,10.0,23.0,6.0,6.0,43.0,17.0,6.0,19.0,10.0,4.0,74.0,20.0,47.0,44.0,85.0,49.0,,54.0,39.0,92.0,88.0
Odisseas Vlachodimos,Goalkeepers,450,2023-2024 Premier League,42.0,11.0,52.0,48.0,50.0,8.0,95.0,20.0,8.0,11.0,2.0,64.0,89.0,11.0,42.0,70.0,98.0,86.0,5.0,70.0,98.0,33.0,52.0,70.0,14.0,75.0,45.0,41.0,33.0,2.0,41.0,11.0,45.0,36.0,16.0
Odisseas Vlachodimos,Goalkeepers,540,2018-2019 Champions League,67.0,92.0,27.0,41.0,41.0,6.0,9.0,19.0,29.0,82.0,46.0,63.0,6.0,32.0,71.0,29.0,71.0,56.0,86.0,94.0,65.0,45.0,65.0,71.0,78.0,22.0,47.0,42.0,12.0,29.0,,74.0,76.0,9.0,41.0
Odisseas Vlachodimos,Goalkeepers,540,2019-2020 Champions League,23.0,57.0,28.0,41.0,41.0,24.0,67.0,21.0,20.0,87.0,46.0,51.0,71.0,41.0,21.0,21.0,60.0,12.0,35.0,34.0,28.0,28.0,18.0,18.0,39.0,52.0,45.0,44.0,62.0,38.0,44.0,45.0,41.0,82.0,45.0
Odisseas Vlachodimos,Goalkeepers,570,2018-2019 Europa League,47.0,8.0,31.0,61.0,61.0,43.0,48.0,49.0,52.0,16.0,46.0,58.0,72.0,82.0,37.0,28.0,37.0,64.0,51.0,32.0,59.0,25.0,38.0,42.0,27.0,67.0,49.0,44.0,78.0,72.0,44.0,28.0,22.0,86.0,72.0
Odisseas Vlachodimos,Goalkeepers,900,2021-2022 Champions League,84.0,44.0,66.0,93.0,94.0,41.0,79.0,40.0,29.0,38.0,85.0,14.0,81.0,44.0,81.0,61.0,26.0,19.0,86.0,78.0,38.0,56.0,76.0,79.0,76.0,44.0,48.0,89.0,24.0,51.0,76.0,68.0,70.0,71.0,45.0
Odisseas Vlachodimos,Goalkeepers,900,2022-2023 Champions League,76.0,53.0,50.0,40.0,40.0,62.0,67.0,50.0,34.0,60.0,64.0,53.0,55.0,52.0,69.0,53.0,17.0,58.0,29.0,65.0,24.0,10.0,45.0,34.0,17.0,73.0,47.0,38.0,71.0,31.0,38.0,8.0,17.0,38.0,84.0
Odisseas Vlachodimos,Goalkeepers,1620,2020-2021 Primeira Liga,2.0,60.0,2.0,79.0,79.0,21.0,2.0,25.0,58.0,37.0,17.0,69.0,6.0,83.0,2.0,2.0,13.0,37.0,75.0,31.0,65.0,21.0,2.0,2.0,90.0,21.0,37.0,79.0,83.0,85.0,90.0,52.0,29.0,90.0,87.0
Odisseas Vlachodimos,Goalkeepers,2837,2021-2022 Primeira Liga,2.0,41.0,6.0,74.0,74.0,20.0,13.0,9.0,15.0,39.0,13.0,31.0,9.0,87.0,2.0,2.0,11.0,41.0,76.0,78.0,41.0,46.0,2.0,2.0,83.0,15.0,41.0,67.0,83.0,57.0,87.0,13.0,9.0,80.0,91.0
Odisseas Vlachodimos,Goalkeepers,2970,2019-2020 Primeira Liga,5.0,88.0,9.0,95.0,95.0,68.0,20.0,16.0,14.0,95.0,23.0,77.0,9.0,95.0,9.0,9.0,5.0,36.0,88.0,45.0,41.0,48.0,5.0,2.0,59.0,23.0,38.0,29.0,88.0,91.0,29.0,27.0,13.0,63.0,95.0
Odisseas Vlachodimos,Goalkeepers,3054,2018-2019 Primeira Liga,8.0,81.0,2.0,89.0,89.0,82.0,2.0,5.0,18.0,69.0,15.0,27.0,11.0,92.0,8.0,2.0,2.0,21.0,92.0,35.0,85.0,24.0,2.0,5.0,56.0,47.0,42.0,76.0,89.0,81.0,84.0,27.0,15.0,76.0,98.0
Odisseas Vlachodimos,Goalkeepers,3057,2022-2023 Primeira Liga,6.0,72.0,6.0,98.0,98.0,83.0,6.0,17.0,50.0,28.0,17.0,65.0,6.0,98.0,6.0,6.0,2.0,54.0,28.0,22.0,80.0,9.0,2.0,6.0,83.0,6.0,26.0,31.0,98.0,46.0,31.0,9.0,2.0,35.0,98.0
Remi Matthews,Goalkeepers,1620,vs. Goalkeepers,87.0,67.0,97.0,8.0,8.0,67.0,69.0,16.0,14.0,71.0,3.0,79.0,31.0,6.0,87.0,94.0,99.0,73.0,45.0,51.0,97.0,29.0,90.0,94.0,29.0,91.0,42.0,94.0,3.0,45.0,77.0,94.0,99.0,13.0,24.0
Robert Sánchez,Goalkeepers,1433,2023-2024 Premier League,33.0,59.0,14.0,48.0,39.0,58.0,36.0,70.0,80.0,77.0,73.0,64.0,42.0,61.0,27.0,23.0,61.0,86.0,45.0,44.0,86.0,55.0,23.0,45.0,45.0,70.0,45.0,92.0,45.0,61.0,84.0,58.0,61.0,77.0,39.0
Robert Sánchez,Goalkeepers,1710,2024-2025 Premier League,48.0,70.0,20.0,48.0,52.0,83.0,9.0,83.0,94.0,98.0,76.0,63.0,6.0,72.0,43.0,20.0,17.0,70.0,50.0,7.0,2.0,91.0,43.0,20.0,13.0,87.0,50.0,87.0,80.0,91.0,65.0,65.0,54.0,94.0,65.0
Robert Sánchez,Goalkeepers,1710,"Last 365 Days Men's Big 5 Leagues, UCL, UEL",36.0,77.0,21.0,38.0,38.0,94.0,8.0,91.0,99.0,96.0,86.0,70.0,1.0,70.0,35.0,25.0,11.0,84.0,70.0,7.0,1.0,91.0,43.0,14.0,9.0,93.0,40.0,77.0,55.0,96.0,65.0,73.0,62.0,98.0,74.0
Robert Sánchez,Goalkeepers,2070,2022-2023 Premier League,20.0,16.0,29.0,52.0,52.0,48.0,9.0,38.0,66.0,13.0,52.0,75.0,23.0,63.0,20.0,23.0,27.0,16.0,45.0,16.0,23.0,59.0,23.0,9.0,9.0,95.0,39.0,80.0,88.0,45.0,55.0,5.0,5.0,38.0,73.0
Robert Sánchez,Goalkeepers,2430,2020-2021 Premier League,56.0,63.0,54.0,87.0,87.0,37.0,33.0,83.0,90.0,75.0,90.0,71.0,33.0,83.0,48.0,42.0,52.0,48.0,37.0,23.0,44.0,98.0,63.0,67.0,83.0,37.0,90.0,27.0,90.0,63.0,27.0,33.0,17.0,40.0,17.0
Robert Sánchez,Goalkeepers,3329,2021-2022 Premier League,33.0,29.0,63.0,63.0,60.0,56.0,40.0,98.0,98.0,33.0,87.0,46.0,17.0,71.0,33.0,60.0,17.0,88.0,77.0,58.0,13.0,90.0,63.0,44.0,63.0,37.0,77.0,37.0,75.0,65.0,37.0,37.0,25.0,75.0,52.0
Robin Olsen,Goalkeepers,180,2023-2024 Europa Conference League,4.0,33.0,21.0,14.0,14.0,79.0,5.0,3.0,3.0,4.0,21.0,55.0,52.0,11.0,6.0,6.0,63.0,59.0,3.0,27.0,89.0,96.0,11.0,42.0,7.0,90.0,48.0,45.0,44.0,5.0,46.0,9.0,44.0,90.0,67.0
Robin Olsen,Goalkeepers,390,2021 UEFA Euro 2020,90.0,77.0,94.0,85.0,85.0,73.0,98.0,33.0,23.0,69.0,56.0,52.0,79.0,75.0,77.0,94.0,29.0,69.0,77.0,63.0,2.0,23.0,90.0,19.0,67.0,23.0,46.0,38.0,60.0,71.0,,54.0,44.0,6.0,75.0
Robin Olsen,Goalkeepers,450,2018 World Cup,82.0,47.0,92.0,95.0,95.0,40.0,98.0,39.0,27.0,40.0,23.0,13.0,89.0,79.0,79.0,69.0,44.0,66.0,31.0,24.0,31.0,45.0,85.0,69.0,73.0,23.0,45.0,45.0,92.0,73.0,,37.0,24.0,31.0,87.0
Robin Olsen,Goalkeepers,540,2017-2018 Europa League,51.0,73.0,95.0,99.0,99.0,19.0,7.0,38.0,56.0,70.0,68.0,58.0,23.0,77.0,48.0,67.0,42.0,58.0,24.0,10.0,88.0,54.0,45.0,72.0,68.0,71.0,99.0,46.0,95.0,62.0,,43.0,32.0,65.0,48.0
Robin Olsen,Goalkeepers,570,2018-2019 Champions League,40.0,31.0,60.0,64.0,64.0,41.0,76.0,73.0,68.0,36.0,12.0,13.0,82.0,45.0,37.0,50.0,71.0,56.0,94.0,47.0,19.0,68.0,59.0,45.0,37.0,51.0,47.0,42.0,24.0,88.0,42.0,87.0,81.0,96.0,69.0
Robin Olsen,Goalkeepers,630,2020-2021 Premier League,67.0,25.0,60.0,42.0,42.0,94.0,29.0,37.0,46.0,27.0,98.0,71.0,60.0,48.0,60.0,60.0,27.0,88.0,79.0,92.0,69.0,29.0,56.0,60.0,44.0,42.0,38.0,27.0,21.0,67.0,27.0,60.0,60.0,2.0,29.0
Robin Olsen,Goalkeepers,990,2021-2022 Championship,19.0,57.0,28.0,9.0,9.0,94.0,11.0,15.0,26.0,39.0,23.0,58.0,32.0,22.0,14.0,26.0,70.0,80.0,7.0,34.0,26.0,57.0,14.0,11.0,34.0,51.0,47.0,33.0,53.0,24.0,33.0,39.0,59.0,91.0,55.0
Robin Olsen,Goalkeepers,1524,2019-2020 Serie A,95.0,6.0,82.0,58.0,50.0,79.0,85.0,40.0,23.0,8.0,85.0,79.0,73.0,47.0,89.0,79.0,27.0,5.0,69.0,13.0,27.0,11.0,82.0,69.0,27.0,27.0,35.0,24.0,53.0,81.0,24.0,76.0,66.0,18.0,66.0
Robin Olsen,Goalkeepers,2430,2018-2019 Serie A,42.0,82.0,55.0,5.0,5.0,35.0,45.0,38.0,32.0,78.0,58.0,72.0,42.0,22.0,28.0,38.0,35.0,35.0,18.0,43.0,62.0,75.0,38.0,58.0,38.0,77.0,98.0,30.0,38.0,25.0,30.0,65.0,68.0,78.0,62.0
Sam Johnstone,Goalkeepers,630,2024-2025 Premier League,84.0,41.0,34.0,4.0,4.0,2.0,73.0,66.0,73.0,70.0,14.0,63.0,23.0,2.0,88.0,45.0,95.0,7.0,5.0,25.0,73.0,84.0,91.0,95.0,4.0,95.0,50.0,38.0,20.0,13.0,38.0,63.0,77.0,32.0,4.0
Sam Johnstone,Goalkeepers,810,2022-2023 Premier League,41.0,55.0,48.0,79.0,79.0,5.0,23.0,2.0,2.0,55.0,88.0,75.0,16.0,88.0,41.0,48.0,13.0,27.0,84.0,7.0,27.0,45.0,38.0,43.0,5.0,84.0,39.0,25.0,73.0,91.0,25.0,41.0,23.0,45.0,66.0
Sam Johnstone,Goalkeepers,990,"Last 365 Days Men's Big 5 Leagues, UCL, UEL",91.0,45.0,85.0,5.0,6.0,1.0,86.0,72.0,50.0,72.0,58.0,70.0,35.0,9.0,91.0,91.0,92.0,11.0,2.0,53.0,40.0,64.0,94.0,91.0,18.0,68.0,40.0,27.0,31.0,4.0,27.0,36.0,65.0,13.0,1.0
Sam Johnstone,Goalkeepers,1796,2023-2024 Premier League,94.0,14.0,92.0,80.0,80.0,55.0,89.0,73.0,61.0,14.0,89.0,64.0,64.0,70.0,92.0,92.0,67.0,52.0,20.0,36.0,36.0,17.0,80.0,73.0,55.0,39.0,45.0,41.0,89.0,14.0,41.0,14.0,11.0,8.0,27.0
Sam Johnstone,Goalkeepers,3239,2021-2022 Championship,84.0,99.0,60.0,88.0,82.0,74.0,5.0,5.0,16.0,97.0,76.0,58.0,18.0,86.0,84.0,57.0,24.0,55.0,57.0,73.0,97.0,78.0,80.0,89.0,59.0,45.0,47.0,72.0,93.0,30.0,68.0,1.0,1.0,39.0,59.0
Sam Johnstone,Goalkeepers,3330,2020-2021 Premier League,90.0,56.0,90.0,10.0,10.0,33.0,90.0,25.0,8.0,67.0,71.0,2.0,85.0,2.0,87.0,94.0,94.0,12.0,33.0,48.0,25.0,56.0,98.0,94.0,27.0,90.0,94.0,63.0,2.0,56.0,62.0,98.0,98.0,67.0,2.0
Sam Johnstone,Goalkeepers,4140,2018-2019 Championship,24.0,94.0,19.0,29.0,29.0,45.0,57.0,34.0,28.0,87.0,35.0,56.0,43.0,45.0,22.0,17.0,26.0,33.0,69.0,51.0,83.0,85.0,20.0,50.0,71.0,66.0,94.0,67.0,38.0,56.0,77.0,83.0,78.0,45.0,85.0
Sam Johnstone,Goalkeepers,4140,2019-2020 Championship,46.0,86.0,26.0,65.0,71.0,34.0,21.0,8.0,6.0,79.0,86.0,43.0,26.0,89.0,49.0,26.0,4.0,11.0,81.0,23.0,74.0,46.0,34.0,46.0,50.0,50.0,44.0,75.0,89.0,79.0,73.0,41.0,19.0,41.0,86.0
Scott Carson,Goalkeepers,2700,vs. Goalkeepers,17.0,45.0,29.0,24.0,26.0,52.0,34.0,16.0,20.0,38.0,43.0,43.0,80.0,50.0,16.0,29.0,38.0,23.0,10.0,35.0,59.0,87.0,27.0,41.0,80.0,13.0,42.0,24.0,87.0,16.0,24.0,20.0,21.0,52.0,71.0
Stefan Ortega,Goalkeepers,180,2022-2023 Champions League,3.0,95.0,29.0,73.0,74.0,6.0,1.0,37.0,99.0,99.0,88.0,53.0,21.0,91.0,6.0,12.0,8.0,58.0,35.0,5.0,97.0,16.0,3.0,9.0,74.0,21.0,47.0,38.0,97.0,85.0,,27.0,12.0,7.0,69.0
Stefan Ortega,Goalkeepers,180,2024-2025 Champions League,5.0,95.0,14.0,98.0,98.0,77.0,1.0,39.0,80.0,60.0,26.0,58.0,6.0,98.0,1.0,2.0,7.0,59.0,51.0,1.0,1.0,13.0,1.0,1.0,73.0,24.0,47.0,42.0,99.0,98.0,,2.0,1.0,1.0,96.0
Stefan Ortega,Goalkeepers,270,2023-2024 Champions League,19.0,94.0,92.0,21.0,21.0,18.0,4.0,8.0,8.0,94.0,77.0,58.0,22.0,12.0,29.0,86.0,6.0,5.0,4.0,55.0,71.0,99.0,71.0,81.0,74.0,22.0,46.0,44.0,55.0,6.0,,42.0,53.0,95.0,91.0
Stefan Ortega,Goalkeepers,635,2023-2024 Premier League,30.0,67.0,17.0,98.0,95.0,80.0,11.0,42.0,77.0,80.0,17.0,64.0,2.0,89.0,39.0,20.0,5.0,86.0,92.0,89.0,83.0,61.0,27.0,52.0,92.0,6.0,45.0,41.0,70.0,89.0,,30.0,20.0,14.0,73.0
Stefan Ortega,Goalkeepers,720,2024-2025 Premier League,9.0,94.0,13.0,67.0,67.0,54.0,13.0,6.0,6.0,46.0,80.0,63.0,50.0,69.0,9.0,17.0,35.0,70.0,43.0,52.0,98.0,46.0,13.0,39.0,39.0,59.0,50.0,37.0,74.0,76.0,37.0,50.0,43.0,43.0,50.0
Stefan Ortega,Goalkeepers,1452,"Last 365 Days Men's Big 5 Leagues, UCL, UEL",6.0,90.0,7.0,95.0,94.0,59.0,4.0,17.0,34.0,68.0,68.0,70.0,18.0,88.0,14.0,14.0,5.0,27.0,76.0,67.0,98.0,56.0,13.0,28.0,76.0,11.0,40.0,27.0,81.0,68.0,27.0,29.0,18.0,28.0,75.0
Stefan Ortega,Goalkeepers,2790,2018-2019 2. Bundesliga,52.0,65.0,65.0,48.0,48.0,25.0,2.0,73.0,81.0,69.0,46.0,27.0,2.0,44.0,46.0,52.0,33.0,75.0,31.0,54.0,81.0,98.0,94.0,98.0,54.0,40.0,46.0,29.0,65.0,33.0,29.0,40.0,35.0,35.0,73.0
Stefan Ortega,Goalkeepers,2970,2021-2022 Bundesliga,86.0,80.0,70.0,38.0,38.0,46.0,84.0,12.0,4.0,46.0,90.0,44.0,98.0,50.0,86.0,58.0,70.0,42.0,90.0,36.0,90.0,98.0,94.0,94.0,14.0,82.0,42.0,36.0,18.0,98.0,36.0,94.0,86.0,2.0,10.0
Stefan Ortega,Goalkeepers,3060,2017-2018 2. Bundesliga,70.0,86.0,74.0,90.0,90.0,76.0,34.0,94.0,98.0,94.0,70.0,56.0,10.0,58.0,74.0,74.0,30.0,66.0,50.0,28.0,78.0,98.0,98.0,98.0,78.0,16.0,46.0,24.0,50.0,64.0,24.0,74.0,74.0,42.0,46.0
Stefan Ortega,Goalkeepers,3060,2019-2020 2. Bundesliga,40.0,71.0,52.0,94.0,94.0,81.0,19.0,48.0,65.0,56.0,85.0,71.0,15.0,98.0,31.0,60.0,2.0,83.0,94.0,25.0,81.0,98.0,94.0,94.0,73.0,23.0,40.0,44.0,85.0,98.0,54.0,40.0,27.0,15.0,98.0
Stefan Ortega,Goalkeepers,3060,2020-2021 Bundesliga,93.0,69.0,93.0,83.0,83.0,50.0,79.0,52.0,48.0,69.0,31.0,71.0,45.0,55.0,93.0,88.0,71.0,69.0,98.0,62.0,88.0,98.0,98.0,98.0,45.0,38.0,38.0,38.0,21.0,93.0,45.0,79.0,79.0,12.0,31.0
Steven Benda,Goalkeepers,1260,2021-2022 Championship,44.0,20.0,41.0,36.0,36.0,24.0,86.0,93.0,78.0,46.0,41.0,7.0,95.0,11.0,47.0,39.0,96.0,18.0,45.0,63.0,45.0,76.0,61.0,64.0,20.0,78.0,47.0,33.0,9.0,39.0,33.0,91.0,91.0,41.0,3.0
Steven Benda,Goalkeepers,1860,2022-2023 Championship,23.0,67.0,6.0,32.0,28.0,13.0,13.0,62.0,82.0,62.0,60.0,16.0,6.0,28.0,26.0,9.0,28.0,78.0,16.0,76.0,6.0,50.0,1.0,1.0,88.0,57.0,96.0,89.0,60.0,13.0,88.0,16.0,35.0,82.0,77.0
Tom Heaton,Goalkeepers,1710,2018-2019 Premier League,83.0,80.0,76.0,48.0,48.0,81.0,91.0,52.0,24.0,87.0,56.0,22.0,76.0,56.0,83.0,72.0,41.0,6.0,54.0,19.0,50.0,39.0,83.0,94.0,76.0,13.0,44.0,30.0,72.0,50.0,30.0,54.0,46.0,13.0,69.0
Tom Heaton,Goalkeepers,1794,2019-2020 Premier League,63.0,23.0,59.0,30.0,30.0,5.0,98.0,45.0,23.0,34.0,23.0,34.0,98.0,16.0,66.0,55.0,84.0,45.0,20.0,32.0,34.0,30.0,70.0,59.0,23.0,70.0,45.0,27.0,27.0,36.0,27.0,77.0,80.0,70.0,38.0
Vitezslav Jaros,Goalkeepers,360,vs. Goalkeepers,56.0,44.0,64.0,50.0,50.0,32.0,54.0,48.0,48.0,45.0,69.0,55.0,27.0,56.0,64.0,61.0,28.0,59.0,83.0,67.0,25.0,19.0,48.0,27.0,73.0,26.0,48.0,45.0,26.0,66.0,,83.0,72.0,94.0,67.0
Wes Foderingham,Goalkeepers,849,"Last 365 Days Men's Big 5 Leagues, UCL, UEL",92.0,67.0,80.0,1.0,1.0,24.0,78.0,90.0,87.0,88.0,3.0,70.0,99.0,1.0,93.0,87.0,99.0,1.0,1.0,67.0,12.0,30.0,95.0,81.0,1.0,99.0,40.0,26.0,1.0,7.0,26.0,98.0,99.0,1.0,1.0
Wes Foderingham,Goalkeepers,2649,2023-2024 Premier League,89.0,52.0,89.0,8.0,8.0,33.0,86.0,58.0,33.0,55.0,14.0,64.0,92.0,5.0,89.0,89.0,95.0,5.0,36.0,89.0,39.0,39.0,83.0,83.0,33.0,83.0,92.0,41.0,5.0,20.0,41.0,92.0,95.0,17.0,5.0
Wes Foderingham,Goalkeepers,2880,2021-2022 Championship,41.0,30.0,19.0,99.0,99.0,72.0,22.0,76.0,92.0,24.0,74.0,58.0,9.0,97.0,41.0,24.0,7.0,53.0,93.0,46.0,74.0,7.0,18.0,28.0,78.0,57.0,47.0,91.0,86.0,91.0,86.0,27.0,11.0,53.0,93.0
Wes Foderingham,Goalkeepers,3512,2022-2023 Championship,59.0,27.0,33.0,94.0,94.0,52.0,43.0,72.0,79.0,28.0,18.0,71.0,35.0,91.0,60.0,28.0,21.0,48.0,65.0,48.0,65.0,9.0,28.0,40.0,88.0,23.0,43.0,65.0,91.0,57.0,88.0,11.0,4.0,28.0,96.0
Łukasz Fabiański,Goalkeepers,721,2023-2024 Premier League,83.0,2.0,63.0,31.0,30.0,11.0,58.0,61.0,56.0,2.0,5.0,64.0,61.0,8.0,83.0,55.0,45.0,14.0,55.0,89.0,80.0,20.0,67.0,77.0,2.0,98.0,45.0,41.0,2.0,39.0,41.0,86.0,89.0,80.0,58.0
Łukasz Fabiański,Goalkeepers,810,2023-2024 Europa League,80.0,35.0,38.0,90.0,90.0,35.0,52.0,48.0,44.0,18.0,37.0,55.0,41.0,93.0,90.0,41.0,24.0,62.0,63.0,14.0,88.0,1.0,39.0,71.0,76.0,22.0,49.0,46.0,87.0,90.0,,57.0,32.0,33.0,91.0
Łukasz Fabiański,Goalkeepers,980,2024-2025 Premier League,80.0,54.0,57.0,39.0,35.0,17.0,91.0,20.0,9.0,39.0,54.0,6.0,94.0,31.0,80.0,65.0,39.0,70.0,80.0,65.0,43.0,39.0,87.0,76.0,17.0,80.0,50.0,37.0,13.0,72.0,37.0,81.0,76.0,54.0,61.0
Łukasz Fabiański,Goalkeepers,1791,"Last 365 Days Men's Big 5 Leagues, UCL, UEL",83.0,23.0,57.0,22.0,20.0,10.0,70.0,27.0,20.0,17.0,48.0,24.0,89.0,13.0,81.0,59.0,50.0,40.0,84.0,77.0,69.0,27.0,75.0,83.0,4.0,91.0,40.0,26.0,4.0,61.0,26.0,95.0,94.0,47.0,48.0
Łukasz Fabiański,Goalkeepers,2117,2019-2020 Premier League,84.0,9.0,84.0,34.0,38.0,88.0,80.0,30.0,23.0,9.0,70.0,38.0,80.0,41.0,77.0,80.0,66.0,9.0,66.0,41.0,77.0,16.0,80.0,98.0,34.0,77.0,45.0,77.0,38.0,55.0,68.0,52.0,55.0,45.0,48.0
Łukasz Fabiański,Goalkeepers,3111,2022-2023 Premier League,91.0,23.0,63.0,48.0,48.0,95.0,63.0,52.0,30.0,16.0,30.0,75.0,55.0,59.0,91.0,66.0,84.0,63.0,59.0,41.0,80.0,5.0,66.0,73.0,66.0,45.0,88.0,70.0,52.0,55.0,71.0,66.0,52.0,30.0,48.0
Łukasz Fabiański,Goalkeepers,3150,2020-2021 Premier League,83.0,13.0,75.0,42.0,42.0,63.0,56.0,71.0,52.0,13.0,48.0,71.0,75.0,56.0,83.0,79.0,27.0,6.0,67.0,65.0,83.0,21.0,75.0,79.0,67.0,42.0,83.0,77.0,63.0,35.0,81.0,44.0,40.0,44.0,67.0
Łukasz Fabiański,Goalkeepers,3330,2021-2022 Premier League,75.0,6.0,56.0,48.0,48.0,44.0,75.0,48.0,38.0,6.0,52.0,21.0,48.0,52.0,75.0,56.0,40.0,37.0,67.0,37.0,60.0,10.0,52.0,60.0,71.0,60.0,77.0,90.0,48.0,60.0,90.0,52.0,48.0,37.0,75.0
Łukasz Fabiański,Goalkeepers,3420,2017-2018 Premier League,35.0,13.0,72.0,35.0,35.0,72.0,80.0,91.0,72.0,22.0,39.0,41.0,87.0,46.0,35.0,48.0,94.0,37.0,83.0,31.0,72.0,57.0,46.0,54.0,44.0,78.0,44.0,94.0,13.0,81.0,78.0,91.0,91.0,65.0,24.0
Łukasz Fabiański,Goalkeepers,3420,2018-2019 Premier League,72.0,19.0,83.0,31.0,31.0,13.0,50.0,76.0,72.0,6.0,43.0,80.0,46.0,50.0,63.0,85.0,54.0,52.0,94.0,87.0,46.0,57.0,80.0,65.0,48.0,48.0,44.0,63.0,20.0,80.0,61.0,87.0,76.0,61.0,57.0
