Player,Versus,BasedOnMinutes,scouting_period,Per90_Average Pass Length,Per90_Avg. Distance of Def. Actions,Per90_Avg. Length of Goal Kicks,Per90_Clean Sheet Percentage,Per90_Clean Sheets,Per90_Corner Kick Goals Against,Per90_Crosses Faced,Per90_Crosses Stopped,Per90_Crosses Stopped %,Per90_Def. Actions Outside Pen. Area,Per90_Draws,Per90_Free Kick Goals Against,Per90_Goal Kicks,Per90_Goals Against,Per90_Launch %,Per90_Launch% (Goal Kicks),Per90_Losses,Per90_Own Goals Scored Against Goalkeeper,Per90_PSxG-GA,Per90_PSxG/SoT,Per90_Pass Completion Percentage (Launched),Per90_Passes Attempted (GK),Per90_Passes Attempted (Launched),Per90_Passes Completed (Launched),Per90_Penalty Kicks Allowed,Per90_Penalty Kicks Attempted,Per90_Penalty Kicks Missed,Per90_Penalty Kicks Saved,Per90_Post-Shot Expected Goals,Per90_Save Percentage,Per90_Save% (Penalty Kicks),Per90_Saves,Per90_Shots on Target Against,Per90_Throws Attempted,Per90_Wins
Aaron Ramsdale,Goalkeepers,300,2022-2023 Europa League,38.2,17.5,65.0,33.3,0.33,0.33,8.33,0.67,8.0,2.33,0.33,0.0,6.33,1.0,45.3,84.2,0.33,0.0,-0.03,0.32,32.7,28.67,18.33,6.0,0.0,0.0,0.0,0.0,0.97,66.7,,2.0,3.0,4.33,0.33
Aaron Ramsdale,Goalkeepers,540,2023-2024 Premier League,33.3,14.6,41.4,33.3,0.33,0.17,7.67,1.33,17.4,1.5,0.17,0.0,3.17,0.83,34.9,52.6,0.0,0.0,-0.22,0.26,27.5,28.17,11.5,3.17,0.0,0.0,0.0,0.0,0.62,64.3,,1.5,2.33,5.0,0.83
Aaron Ramsdale,Goalkeepers,1260,2024-2025 Premier League,33.5,12.2,45.3,14.3,0.14,0.5,13.57,1.0,7.4,0.79,0.14,0.0,5.0,2.14,38.8,60.0,0.79,0.0,-0.05,0.32,33.1,38.5,17.93,5.93,0.14,0.14,0.0,0.0,2.09,68.9,0.0,4.29,6.43,5.0,0.07
Aaron Ramsdale,Goalkeepers,1350,"Last 365 Days Men's Big 5 Leagues, UCL, UEL",34.4,11.4,44.8,13.3,0.13,0.47,13.4,1.27,9.5,0.73,0.13,0.0,4.73,2.07,40.5,59.2,0.73,0.0,-0.02,0.32,32.4,38.33,18.33,5.93,0.13,0.13,0.0,0.0,2.05,69.1,0.0,4.2,6.27,5.0,0.13
Aaron Ramsdale,Goalkeepers,3060,2021-2022 Premier League,33.2,16.4,55.1,35.3,0.35,0.09,12.18,0.76,6.3,1.76,0.09,0.0,5.32,1.15,34.8,74.0,0.29,0.03,0.01,0.26,27.9,29.21,14.12,3.94,0.15,0.18,0.03,0.0,1.12,73.4,0.0,2.65,3.76,4.76,0.62
Aaron Ramsdale,Goalkeepers,3330,2019-2020 Premier League,39.2,11.6,53.5,13.5,0.14,0.11,15.97,0.54,3.4,0.68,0.19,0.11,7.78,1.68,48.2,69.8,0.57,0.0,-0.04,0.3,30.1,22.78,16.41,4.95,0.14,0.16,0.0,0.03,1.64,69.5,16.7,3.35,5.05,5.0,0.24
Aaron Ramsdale,Goalkeepers,3420,2020-2021 Premier League,45.5,12.8,64.5,13.2,0.13,0.21,15.21,0.87,5.7,0.89,0.05,0.0,7.39,1.66,64.5,91.8,0.76,0.08,-0.15,0.26,32.2,22.79,21.5,6.92,0.08,0.11,0.03,0.0,1.43,70.9,0.0,3.82,5.42,3.37,0.18
Aaron Ramsdale,Goalkeepers,3420,2022-2023 Premier League,33.3,16.1,49.2,36.8,0.37,0.16,10.03,0.58,5.8,1.13,0.16,0.0,4.03,1.13,35.4,59.5,0.16,0.03,-0.05,0.28,25.4,25.16,11.29,2.87,0.08,0.13,0.05,0.0,1.05,70.6,0.0,2.47,3.58,4.58,0.68
Alex McCarthy,Goalkeepers,450,2023-2024 Championship,25.6,9.3,18.7,20.0,0.2,0.0,9.8,0.4,4.1,0.2,0.0,0.0,3.6,1.8,21.4,11.1,0.6,0.0,-0.2,0.32,27.8,31.8,7.2,2.0,0.0,0.0,0.0,0.0,1.6,65.4,,3.4,5.2,5.4,0.4
Alex McCarthy,Goalkeepers,450,Last 365 Days Men's Next 14 Competitions,25.6,9.3,18.7,20.0,0.2,0.0,9.8,0.4,4.1,0.2,0.0,0.0,3.6,1.8,21.4,11.1,0.6,0.0,-0.2,0.32,27.8,31.8,7.2,2.0,0.0,0.0,0.0,0.0,1.6,65.4,,3.4,5.2,5.4,0.4
Alex McCarthy,Goalkeepers,540,2022-2023 Premier League,36.5,13.5,31.0,0.0,0.0,0.17,15.33,1.0,6.5,1.17,0.17,0.0,8.67,2.83,48.5,36.5,0.83,0.17,-0.85,0.34,19.5,32.33,18.83,3.67,0.17,0.17,0.0,0.0,1.82,46.7,0.0,2.33,5.0,4.83,0.0
Alex McCarthy,Goalkeepers,1530,2021-2022 Premier League,34.7,9.6,50.6,29.4,0.29,0.35,15.0,1.29,8.6,0.29,0.41,0.0,7.35,1.59,40.7,72.0,0.41,0.0,-0.32,0.31,30.1,22.53,14.47,4.35,0.0,0.0,0.0,0.0,1.26,62.0,,2.59,4.18,4.59,0.18
Alex McCarthy,Goalkeepers,1620,2017-2018 Premier League,44.2,10.9,59.5,22.2,0.22,0.22,17.28,1.06,6.1,0.56,0.44,0.0,8.78,1.44,63.8,92.4,0.39,0.0,-0.31,0.3,29.1,16.89,18.89,5.5,0.06,0.06,0.0,0.0,1.14,63.2,0.0,2.33,3.78,3.11,0.17
Alex McCarthy,Goalkeepers,2250,2018-2019 Premier League,42.8,11.6,57.6,16.0,0.16,0.16,15.0,0.6,4.0,0.68,0.32,0.0,7.56,1.76,60.3,84.1,0.48,0.12,-0.15,0.3,31.1,19.12,17.88,5.56,0.08,0.08,0.0,0.0,1.49,64.7,0.0,3.12,4.76,3.28,0.2
Alex McCarthy,Goalkeepers,2520,2019-2020 Premier League,41.6,12.8,56.6,25.0,0.25,0.14,15.68,0.89,5.7,0.96,0.18,0.0,6.36,1.25,59.1,83.1,0.36,0.04,0.11,0.32,36.2,22.96,18.86,6.82,0.04,0.07,0.0,0.04,1.33,69.9,50.0,2.79,4.04,2.71,0.46
Alex McCarthy,Goalkeepers,2700,2020-2021 Premier League,32.0,15.6,41.1,23.3,0.23,0.07,12.17,0.77,6.3,1.03,0.23,0.03,5.7,1.9,37.1,59.1,0.5,0.03,-0.32,0.28,25.1,30.0,14.5,3.63,0.2,0.2,0.0,0.0,1.55,65.3,0.0,3.03,4.9,4.37,0.27
Alisson,Goalkeepers,180,2021 Copa América,24.6,13.2,20.3,50.0,0.5,0.5,13.5,0.5,3.7,0.5,0.5,0.0,3.0,0.5,15.0,0.0,0.0,0.0,-0.2,0.15,16.7,20.0,3.0,0.5,0.0,0.0,0.0,0.0,0.3,75.0,,1.5,2.0,4.0,0.5
Alisson,Goalkeepers,180,2023-2024 Europa League,24.9,15.3,34.7,100.0,1.0,0.0,9.5,1.0,10.5,2.5,0.0,0.0,4.5,0.0,18.0,22.2,0.0,0.0,0.3,0.19,46.2,66.5,13.0,6.0,0.0,0.0,0.0,0.0,0.3,100.0,,1.5,1.5,6.0,1.0
Alisson,Goalkeepers,270,2024-2025 Champions League,29.6,16.3,39.3,66.7,0.67,0.0,11.0,0.33,3.0,1.67,0.0,0.0,4.33,0.33,28.7,38.5,0.0,0.0,0.2,0.18,36.1,36.0,12.0,4.33,0.0,0.0,0.0,0.0,0.53,88.9,,2.67,3.0,3.0,1.0
Alisson,Goalkeepers,360,2024 Copa América,24.8,17.9,24.5,50.0,0.5,0.0,10.25,0.0,0.0,0.75,0.75,0.0,6.0,0.5,12.7,12.5,0.0,0.0,-0.08,0.14,41.2,27.5,4.25,1.75,0.0,0.0,0.0,0.0,0.43,84.6,,2.75,3.25,5.25,0.25
Alisson,Goalkeepers,379,2022 World Cup,23.4,22.0,25.6,66.7,0.52,0.0,11.35,0.0,0.0,1.81,0.26,0.0,4.9,0.52,13.5,21.1,0.0,0.0,-0.18,0.28,35.7,19.08,3.61,1.29,0.0,0.0,0.0,0.0,0.49,71.4,,1.29,1.81,3.09,0.77
Alisson,Goalkeepers,450,2018 World Cup,28.4,16.5,37.6,60.0,0.6,0.2,11.0,0.4,3.6,1.2,0.2,0.0,6.6,0.6,19.4,36.4,0.2,0.2,-0.04,0.26,54.2,12.4,4.8,2.6,0.0,0.0,0.0,0.0,0.36,57.1,,1.0,1.4,3.8,0.6
Alisson,Goalkeepers,450,2019-2020 Champions League,25.9,20.6,27.3,20.0,0.2,0.4,8.2,0.4,4.9,3.4,0.2,0.0,5.6,0.8,15.9,10.7,0.2,0.0,0.42,0.36,50.0,29.0,5.2,2.6,0.0,0.0,0.0,0.0,1.22,76.5,,2.6,3.4,5.6,0.6
Alisson,Goalkeepers,570,2019 Copa América,23.1,15.1,23.0,83.3,0.83,0.0,7.83,0.83,10.6,0.83,0.33,0.0,5.17,0.17,12.5,6.5,0.0,0.0,0.33,0.22,41.7,13.33,2.0,0.83,0.17,0.17,0.0,0.0,0.5,100.0,0.0,1.33,1.5,3.5,0.67
Alisson,Goalkeepers,630,2020-2021 Champions League,29.3,22.1,37.4,71.4,0.71,0.0,9.14,0.14,1.6,1.86,0.14,0.0,7.14,0.71,21.4,38.0,0.29,0.0,0.56,0.38,40.6,30.0,9.14,3.71,0.0,0.0,0.0,0.0,1.27,79.2,,2.71,3.43,4.43,0.57
Alisson,Goalkeepers,720,2022-2023 Champions League,26.5,17.4,31.6,37.5,0.38,0.0,7.0,0.88,12.5,1.25,0.0,0.0,4.63,1.5,17.9,24.3,0.38,0.0,0.08,0.4,54.9,29.38,6.38,3.5,0.13,0.25,0.0,0.13,1.58,60.7,50.0,1.88,3.5,4.5,0.63
Alisson,Goalkeepers,1068,2024-2025 Premier League,24.7,16.1,22.9,36.4,0.34,0.0,8.51,0.34,4.0,1.85,0.25,0.0,2.7,0.93,18.3,15.6,0.08,0.0,-0.13,0.32,31.3,28.57,5.65,1.77,0.0,0.0,0.0,0.0,0.88,62.1,,1.85,2.78,3.79,0.67
Alisson,Goalkeepers,1080,2017-2018 Champions League,31.2,19.6,41.2,41.7,0.42,0.17,9.58,0.33,3.5,2.08,0.17,0.08,6.58,1.58,26.2,45.6,0.33,0.17,0.15,0.31,53.7,27.0,10.08,5.42,0.0,0.0,0.0,0.0,1.57,69.8,,3.83,5.25,5.5,0.5
Alisson,Goalkeepers,1170,2018-2019 Champions League,29.7,17.4,41.4,46.2,0.46,0.15,9.77,0.23,2.4,0.69,0.08,0.08,6.46,0.92,23.3,48.8,0.31,0.08,0.32,0.29,38.4,27.77,9.62,3.69,0.0,0.0,0.0,0.0,1.16,78.6,,3.46,4.31,5.85,0.62
Alisson,Goalkeepers,1170,2021-2022 Champions League,26.6,18.2,33.0,30.8,0.31,0.15,7.62,0.54,7.1,1.38,0.08,0.0,4.15,1.08,15.4,31.5,0.15,0.0,0.04,0.52,46.4,33.38,6.46,3.0,0.0,0.0,0.0,0.0,1.12,50.0,,1.08,2.15,5.69,0.77
Alisson,Goalkeepers,2328,"Last 365 Days Men's Big 5 Leagues, UCL, UEL",25.2,16.5,27.3,36.0,0.35,0.08,8.85,0.27,3.1,1.47,0.19,0.0,2.63,1.04,17.5,20.6,0.15,0.0,-0.15,0.27,33.5,35.18,6.69,2.24,0.0,0.0,0.0,0.0,0.93,69.0,,2.47,3.52,4.45,0.66
Alisson,Goalkeepers,2520,2023-2024 Premier League,24.7,17.7,33.3,28.6,0.29,0.14,10.68,0.46,4.3,1.18,0.29,0.0,4.14,1.07,14.1,33.6,0.14,0.04,-0.01,0.26,32.8,36.46,6.54,2.14,0.04,0.04,0.0,0.0,1.03,73.4,0.0,2.86,3.89,5.0,0.57
Alisson,Goalkeepers,2543,2019-2020 Premier League,27.4,19.2,30.9,48.1,0.46,0.04,10.58,0.35,3.3,2.23,0.11,0.0,5.91,0.81,18.4,27.5,0.11,0.04,-0.1,0.24,45.0,27.53,6.69,3.01,0.04,0.04,0.0,0.0,0.7,71.1,0.0,2.05,2.83,4.95,0.81
Alisson,Goalkeepers,2970,2020-2021 Premier League,25.7,18.6,30.4,30.3,0.3,0.12,10.33,0.61,5.9,2.64,0.24,0.03,5.24,0.97,14.9,27.7,0.21,0.0,0.09,0.27,38.1,29.7,5.88,2.24,0.12,0.24,0.09,0.03,1.06,75.7,20.0,2.48,3.48,5.0,0.55
Alisson,Goalkeepers,3240,2021-2022 Premier League,26.3,18.7,33.4,55.6,0.56,0.08,9.44,0.61,6.5,2.47,0.19,0.0,4.78,0.67,16.5,33.1,0.06,0.03,0.04,0.25,44.2,33.78,7.17,3.17,0.0,0.0,0.0,0.0,0.68,75.8,,2.11,2.75,5.86,0.75
Alisson,Goalkeepers,3330,2017-2018 Serie A,32.1,18.9,41.0,45.9,0.46,0.05,12.68,0.46,3.6,2.43,0.22,0.0,6.81,0.76,28.9,42.5,0.19,0.0,0.2,0.23,51.2,28.89,11.24,5.76,0.08,0.14,0.0,0.05,0.96,81.5,40.0,2.84,3.65,6.46,0.59
Alisson,Goalkeepers,3330,2022-2023 Premier League,26.9,19.8,31.3,37.8,0.38,0.0,10.73,0.62,5.8,2.41,0.24,0.0,5.22,1.16,18.4,26.9,0.24,0.05,0.27,0.33,41.0,33.95,7.65,3.14,0.05,0.11,0.03,0.03,1.38,72.1,33.3,2.84,3.97,5.68,0.51
Alisson,Goalkeepers,3420,2018-2019 Premier League,28.8,16.6,41.3,55.3,0.55,0.13,10.13,0.42,4.2,1.55,0.18,0.0,5.68,0.58,20.1,44.0,0.03,0.0,0.14,0.29,41.5,28.21,8.18,3.39,0.0,0.03,0.03,0.0,0.72,77.1,,1.95,2.53,5.58,0.79
Alphonse Areola,Goalkeepers,270,2018-2019 Champions League,22.6,8.1,30.6,0.0,0.0,0.0,10.67,0.33,3.1,0.33,0.33,0.0,6.0,2.0,10.3,22.2,0.33,0.0,-0.5,0.24,72.7,22.67,3.67,2.67,0.33,0.33,0.0,0.0,1.5,66.7,0.0,3.0,5.0,3.67,0.33
Alphonse Areola,Goalkeepers,720,2017-2018 Champions League,25.9,13.7,38.7,50.0,0.5,0.13,15.88,1.25,7.9,1.38,0.0,0.0,8.25,1.13,17.8,45.5,0.38,0.0,0.0,0.23,46.3,16.88,6.75,3.13,0.13,0.13,0.0,0.0,1.13,78.4,0.0,3.5,4.63,4.5,0.63
Alphonse Areola,Goalkeepers,910,2024-2025 Premier League,31.1,13.7,38.8,22.2,0.2,0.2,15.03,0.89,5.9,1.29,0.2,0.0,8.8,2.27,32.5,49.4,0.59,0.2,-0.45,0.3,45.2,31.05,14.44,6.53,0.0,0.0,0.0,0.0,1.59,57.4,,3.26,5.34,4.25,0.2
Alphonse Areola,Goalkeepers,1020,2021-2022 Europa League,36.4,12.5,41.3,45.5,0.45,0.0,13.64,0.73,5.3,0.91,0.18,0.0,8.45,0.73,40.6,46.2,0.36,0.09,0.21,0.27,33.6,20.36,12.18,4.09,0.0,0.0,0.0,0.0,0.85,78.9,,2.82,3.45,3.27,0.45
Alphonse Areola,Goalkeepers,1170,2022-2023 Europa Conference League,36.8,15.6,48.6,46.2,0.46,0.0,11.85,0.38,3.2,0.54,0.08,0.0,6.69,0.62,42.0,67.8,0.0,0.0,0.02,0.2,39.4,22.15,13.85,5.46,0.08,0.08,0.0,0.0,0.63,81.1,0.0,2.23,2.85,4.15,0.92
Alphonse Areola,Goalkeepers,1890,2018-2019 Ligue 1,25.3,13.7,32.0,52.4,0.52,0.05,12.14,0.33,2.7,0.62,0.14,0.0,6.62,0.81,15.9,24.5,0.1,0.05,0.11,0.22,42.6,17.95,4.48,1.9,0.19,0.19,0.0,0.0,0.87,80.3,0.0,2.38,3.14,4.76,0.76
Alphonse Areola,Goalkeepers,2079,"Last 365 Days Men's Big 5 Leagues, UCL, UEL",33.7,11.2,43.8,10.0,0.09,0.17,14.94,0.95,6.4,0.74,0.3,0.0,7.23,2.25,36.8,59.9,0.52,0.17,-0.32,0.25,39.9,25.67,13.77,5.5,0.09,0.09,0.0,0.04,1.73,66.9,50.0,4.42,6.54,4.63,0.22
Alphonse Areola,Goalkeepers,2699,2023-2024 Premier League,36.8,8.9,47.3,14.3,0.13,0.1,15.61,0.9,5.8,0.23,0.3,0.0,7.3,1.77,43.9,67.6,0.37,0.1,0.08,0.24,37.2,21.44,14.34,5.34,0.17,0.2,0.0,0.07,1.74,74.5,33.3,4.54,6.27,4.8,0.37
Alphonse Areola,Goalkeepers,3060,2017-2018 Ligue 1,22.8,16.1,29.3,50.0,0.5,0.15,11.88,0.65,5.4,1.47,0.18,0.06,7.06,0.74,9.7,15.8,0.06,0.03,0.06,0.24,51.0,19.38,3.0,1.53,0.03,0.09,0.03,0.03,0.77,76.5,50.0,2.26,3.0,4.91,0.76
Alphonse Areola,Goalkeepers,3240,2020-2021 Premier League,30.0,13.0,39.8,25.0,0.25,0.06,13.92,0.72,5.2,0.86,0.36,0.0,6.97,1.33,32.8,55.8,0.5,0.03,0.1,0.28,37.0,21.11,10.81,4.0,0.17,0.17,0.0,0.0,1.4,73.9,0.0,3.17,4.47,4.81,0.14
Altay Bayındır,Goalkeepers,180,2021-2022 Europa Conference League,31.1,11.0,31.5,0.0,0.0,0.5,11.5,0.0,0.0,0.0,0.0,0.0,10.0,3.0,26.0,30.0,1.0,0.0,-0.9,0.33,34.6,38.5,13.0,4.5,0.0,0.0,0.0,0.0,2.1,53.8,,3.5,6.5,4.5,0.0
Altay Bayındır,Goalkeepers,270,2021-2022 Europa League,38.9,14.5,42.1,0.0,0.0,0.33,8.0,0.67,8.3,1.0,0.67,0.0,3.67,2.0,45.3,45.5,0.33,0.0,-0.13,0.38,17.2,17.67,9.67,1.67,0.0,0.0,0.0,0.0,1.87,60.0,,3.0,5.0,3.33,0.0
Altay Bayındır,Goalkeepers,720,2022-2023 Europa League,36.5,19.0,44.6,37.5,0.38,0.0,8.63,0.63,7.2,1.63,0.25,0.0,4.38,1.13,37.6,42.9,0.13,0.0,-0.29,0.26,33.7,23.63,10.75,3.63,0.13,0.13,0.0,0.0,0.84,63.6,0.0,1.63,2.75,5.0,0.63
André Onana,Goalkeepers,180,2021-2022 Champions League,22.4,20.2,31.9,0.0,0.0,0.0,9.0,0.0,0.0,1.5,0.0,0.0,5.5,1.0,13.3,27.3,0.5,0.0,0.55,0.52,11.1,22.5,4.5,0.5,0.5,0.5,0.0,0.0,1.55,75.0,0.0,1.0,2.0,2.5,0.5
André Onana,Goalkeepers,540,2019-2020 Champions League,35.6,13.9,44.3,50.0,0.5,0.17,10.33,0.67,6.5,1.17,0.17,0.0,8.17,1.0,43.2,53.1,0.33,0.0,0.83,0.31,25.5,29.33,17.0,4.33,0.33,0.5,0.17,0.0,1.83,86.7,0.0,4.0,5.0,4.67,0.5
André Onana,Goalkeepers,540,2020-2021 Champions League,29.3,15.9,26.8,0.0,0.0,0.0,10.67,0.33,3.1,0.83,0.17,0.0,5.17,1.17,25.4,16.1,0.5,0.17,0.4,0.27,28.6,47.33,12.83,3.67,0.17,0.17,0.0,0.0,1.4,78.6,0.0,3.67,4.67,5.67,0.33
André Onana,Goalkeepers,540,2021-2022 Eredivisie,33.3,14.5,29.5,0.0,0.0,0.17,10.83,0.5,4.6,0.67,0.0,0.0,3.67,1.67,34.5,22.7,0.17,0.0,-0.25,0.48,46.0,28.0,10.5,4.83,0.0,0.0,0.0,0.0,1.42,44.4,,1.33,3.0,4.0,0.83
André Onana,Goalkeepers,540,2023-2024 Champions League,34.6,9.0,48.2,16.7,0.17,0.17,12.83,0.33,2.6,0.33,0.17,0.33,3.17,2.5,38.6,68.4,0.67,0.0,-0.35,0.29,41.5,35.0,15.67,6.5,0.33,0.67,0.17,0.17,2.15,62.9,33.3,3.17,5.83,4.33,0.17
André Onana,Goalkeepers,540,2024-2025 Europa League,28.8,17.9,34.5,16.7,0.17,0.0,9.5,0.33,3.5,1.5,0.5,0.0,2.17,1.33,24.4,38.5,0.0,0.0,0.03,0.35,44.4,33.5,9.0,4.0,0.0,0.0,0.0,0.0,1.37,66.7,,2.67,4.0,3.33,0.5
André Onana,Goalkeepers,1080,2018-2019 Champions League,35.0,12.6,47.8,33.3,0.33,0.17,11.83,0.5,4.2,0.58,0.33,0.0,7.08,1.08,41.9,58.8,0.17,0.0,0.43,0.33,22.6,25.25,14.75,3.33,0.08,0.08,0.0,0.0,1.51,77.4,0.0,3.33,4.42,4.08,0.5
André Onana,Goalkeepers,1170,2022-2023 Champions League,34.0,10.1,40.4,61.5,0.62,0.15,15.08,1.08,7.1,0.23,0.23,0.0,6.77,0.85,34.6,45.5,0.23,0.08,0.58,0.31,44.0,33.62,14.69,6.46,0.0,0.0,0.0,0.0,1.35,80.7,,3.62,4.38,4.85,0.54
André Onana,Goalkeepers,1800,2020-2021 Eredivisie,29.9,18.6,33.2,45.0,0.45,0.1,7.55,0.45,6.0,1.85,0.1,0.0,4.95,0.75,28.2,34.3,0.1,0.0,0.21,0.26,48.2,33.35,11.1,5.35,0.0,0.0,0.0,0.0,0.96,80.0,,3.0,3.75,4.75,0.8
André Onana,Goalkeepers,1890,2024-2025 Premier League,28.9,11.7,45.3,28.6,0.29,0.43,10.76,0.62,5.8,0.71,0.24,0.0,3.67,1.38,26.8,62.3,0.43,0.05,0.14,0.33,28.3,36.67,12.1,3.43,0.14,0.19,0.0,0.05,1.47,69.0,25.0,2.62,4.0,4.33,0.33
André Onana,Goalkeepers,2160,2019-2020 Eredivisie,28.8,17.3,33.8,33.3,0.33,0.04,7.71,0.71,9.2,1.71,0.08,0.0,6.33,0.88,27.5,31.6,0.17,0.0,0.23,0.34,45.4,25.5,9.0,4.08,0.08,0.08,0.0,0.0,1.1,73.6,0.0,2.13,3.0,5.25,0.75
André Onana,Goalkeepers,2160,2022-2023 Serie A,29.6,12.5,35.4,33.3,0.33,0.21,11.79,0.63,5.3,0.42,0.13,0.0,6.33,1.0,25.5,30.9,0.29,0.08,-0.11,0.21,38.9,36.46,11.25,4.38,0.08,0.08,0.0,0.0,0.8,73.5,0.0,2.54,3.46,4.79,0.58
André Onana,Goalkeepers,2920,2018-2019 Eredivisie,28.0,15.6,40.0,46.9,0.46,0.06,9.43,0.59,6.2,1.14,0.03,0.03,5.83,0.83,24.4,41.3,0.12,0.03,0.02,0.24,33.2,22.07,7.8,2.59,0.03,0.06,0.0,0.03,0.83,74.3,50.0,2.37,3.21,3.91,0.86
André Onana,Goalkeepers,3420,2023-2024 Premier League,31.2,12.9,44.6,23.7,0.24,0.29,15.82,1.11,7.0,0.97,0.16,0.03,4.26,1.53,31.0,58.0,0.37,0.03,0.06,0.27,29.0,35.55,13.5,3.92,0.18,0.18,0.0,0.0,1.56,74.9,0.0,3.84,5.34,3.68,0.47
André Onana,Goalkeepers,3960,"Last 365 Days Men's Big 5 Leagues, UCL, UEL",30.2,12.4,46.3,22.7,0.23,0.36,13.32,0.98,7.3,0.95,0.27,0.0,3.59,1.5,29.2,63.3,0.32,0.02,0.07,0.29,29.2,36.41,12.91,3.77,0.18,0.2,0.0,0.02,1.55,72.5,11.1,3.3,4.8,3.95,0.41
Antonín Kinský,Goalkeepers,540,2024-2025 Europa League,29.9,18.8,31.7,16.7,0.17,0.0,7.17,0.33,4.7,1.5,0.17,0.17,3.33,1.17,25.6,30.0,0.67,0.0,-0.2,0.32,47.6,37.17,10.5,5.0,0.17,0.17,0.0,0.0,0.97,62.5,0.0,1.5,2.67,3.33,0.17
Antonín Kinský,Goalkeepers,630,"Last 365 Days Men's Big 5 Leagues, UCL, UEL",30.0,14.8,30.0,14.3,0.14,0.0,9.0,0.57,6.3,1.29,0.14,0.14,3.71,1.29,25.2,26.9,0.71,0.14,-0.27,0.27,47.3,38.0,10.57,5.0,0.14,0.14,0.0,0.0,0.87,60.0,0.0,1.71,2.86,3.86,0.14
Arijanet Muric,Goalkeepers,900,2023-2024 Premier League,34.3,17.2,45.1,0.0,0.0,0.1,14.3,2.0,14.0,3.1,0.4,0.0,3.3,1.6,36.4,60.6,0.4,0.1,0.67,0.26,35.2,54.7,21.9,7.7,0.1,0.2,0.0,0.1,2.17,80.8,50.0,6.2,7.8,5.4,0.2
Arijanet Muric,Goalkeepers,1260,2020-2021 Eredivisie,44.0,14.4,56.2,21.4,0.21,0.29,12.93,0.64,5.0,0.93,0.21,0.0,6.64,1.86,56.9,76.3,0.43,0.14,-0.26,0.29,35.7,24.86,19.21,6.86,0.14,0.21,0.0,0.07,1.45,61.3,33.3,2.64,4.43,4.43,0.36
Arijanet Muric,Goalkeepers,1530,2024-2025 Premier League,30.6,12.1,54.6,5.9,0.06,0.12,14.06,2.18,15.5,1.12,0.35,0.0,5.53,1.82,30.0,75.5,0.53,0.0,0.0,0.3,34.1,29.18,12.94,4.41,0.18,0.18,0.0,0.0,1.82,70.8,0.0,3.82,5.65,5.47,0.12
Arijanet Muric,Goalkeepers,2430,"Last 365 Days Men's Big 5 Leagues, UCL, UEL",32.5,14.4,52.1,3.7,0.04,0.11,14.15,2.11,14.9,1.85,0.37,0.0,4.7,1.74,33.4,71.7,0.48,0.04,0.25,0.28,34.6,38.63,16.26,5.63,0.15,0.19,0.0,0.04,1.95,75.3,20.0,4.7,6.44,5.44,0.15
Arijanet Muric,Goalkeepers,3614,2022-2023 Championship,28.0,16.5,41.5,44.7,0.42,0.22,10.98,1.2,10.9,1.44,0.3,0.0,4.68,0.77,21.2,51.6,0.07,0.0,0.04,0.27,41.6,34.84,9.81,4.08,0.05,0.07,0.0,0.02,0.85,74.6,33.3,2.29,3.09,4.63,0.65
Asmir Begović,Goalkeepers,450,2019-2020 Europa League,42.4,12.9,51.6,0.0,0.0,0.4,11.8,0.6,5.1,0.6,0.2,0.2,9.4,2.0,57.8,72.3,0.6,0.2,-0.46,0.35,35.4,16.6,16.4,5.8,0.0,0.0,0.0,0.0,1.34,47.4,,2.0,3.8,2.6,0.2
Asmir Begović,Goalkeepers,1620,Last 365 Days Men's Next 14 Competitions,34.2,12.7,44.1,33.3,0.33,0.11,15.17,0.83,5.5,0.56,0.28,0.0,4.67,1.0,35.9,57.1,0.22,0.06,-0.21,0.22,34.9,26.33,12.11,4.22,0.0,0.0,0.0,0.0,0.73,71.0,,2.5,3.44,4.94,0.5
Asmir Begović,Goalkeepers,2160,2018-2019 Premier League,35.9,11.3,49.9,20.8,0.21,0.21,15.21,1.0,6.6,0.67,0.13,0.0,8.0,1.96,42.5,67.7,0.54,0.08,-0.44,0.32,39.3,19.42,13.67,5.38,0.08,0.08,0.0,0.0,1.44,56.7,0.0,2.46,4.33,5.33,0.33
Asmir Begović,Goalkeepers,3420,2017-2018 Premier League,38.9,10.2,55.5,15.8,0.16,0.18,16.08,0.92,5.7,0.47,0.29,0.05,8.63,1.61,45.7,81.4,0.42,0.03,-0.14,0.31,34.5,21.89,17.03,5.87,0.05,0.08,0.0,0.03,1.44,65.3,33.3,2.87,4.47,5.66,0.29
Asmir Begović,Goalkeepers,4049,2023-2024 Championship,35.2,12.2,43.0,29.5,0.29,0.2,13.98,1.09,7.8,0.53,0.24,0.0,7.0,1.27,37.8,52.7,0.44,0.02,-0.18,0.27,33.2,25.52,13.34,4.42,0.02,0.02,0.0,0.0,1.07,68.5,0.0,2.71,3.96,5.38,0.31
Asmir Begović,Goalkeepers,4050,2020-2021 Championship,32.6,11.1,39.5,33.3,0.33,0.16,12.47,0.8,6.4,0.42,0.24,0.02,7.49,0.98,29.9,45.4,0.29,0.0,0.12,0.28,33.1,23.71,10.49,3.47,0.09,0.11,0.0,0.02,1.1,75.3,20.0,2.6,3.6,5.71,0.47
Bart Verbruggen,Goalkeepers,270,2023-2024 Europa League,27.4,14.7,25.6,100.0,1.0,0.0,14.67,1.0,6.8,0.67,0.0,0.0,4.33,0.0,23.2,15.4,0.0,0.0,0.3,0.1,41.7,31.67,8.0,3.33,0.0,0.0,0.0,0.0,0.3,100.0,,3.0,3.0,5.0,1.0
Bart Verbruggen,Goalkeepers,540,2024 UEFA Euro 2024,27.9,11.7,39.5,33.3,0.33,0.33,12.67,0.83,6.6,0.33,0.17,0.0,3.67,1.17,25.7,40.9,0.33,0.17,0.22,0.29,47.4,31.17,9.5,4.5,0.17,0.17,0.0,0.0,1.22,73.9,0.0,2.83,3.83,3.5,0.5
Bart Verbruggen,Goalkeepers,600,2022-2023 Europa Conference League,31.7,11.1,34.1,33.3,0.33,0.0,12.33,1.33,10.8,0.5,0.17,0.0,6.83,0.83,28.7,34.1,0.33,0.0,0.55,0.27,33.3,37.17,13.0,4.33,0.17,0.17,0.0,0.0,1.38,85.2,0.0,3.67,4.5,5.83,0.5
Bart Verbruggen,Goalkeepers,1530,2022-2023 Belgian Pro League,33.9,16.8,35.5,47.1,0.47,0.12,12.53,0.41,3.3,1.35,0.29,0.0,5.53,1.24,33.2,36.2,0.29,0.12,0.14,0.26,37.3,40.53,15.47,5.76,0.0,0.0,0.0,0.0,1.26,74.7,,3.76,4.88,5.18,0.41
Bart Verbruggen,Goalkeepers,1710,2024-2025 Premier League,28.6,14.5,49.8,21.1,0.21,0.16,12.42,0.95,7.6,1.53,0.53,0.05,2.53,1.47,24.6,70.8,0.21,0.05,-0.01,0.31,36.6,35.95,10.63,3.89,0.16,0.16,0.0,0.0,1.42,69.1,0.0,2.84,4.26,4.21,0.26
Bart Verbruggen,Goalkeepers,1890,2023-2024 Premier League,24.4,15.8,15.7,19.0,0.19,0.14,11.05,0.81,7.3,1.48,0.38,0.0,3.43,1.33,17.1,9.7,0.29,0.0,-0.12,0.25,38.7,37.57,6.76,2.62,0.14,0.14,0.0,0.0,1.21,72.5,0.0,3.0,4.33,5.57,0.33
Bart Verbruggen,Goalkeepers,2880,"Last 365 Days Men's Big 5 Leagues, UCL, UEL",27.3,15.4,32.2,28.1,0.28,0.16,11.75,0.94,8.0,1.59,0.44,0.03,2.84,1.31,23.4,39.6,0.25,0.03,-0.02,0.28,37.5,35.44,9.41,3.53,0.13,0.13,0.0,0.0,1.26,71.6,0.0,2.91,4.19,4.72,0.31
Brandon Austin,Goalkeepers,450,vs. Goalkeepers,30.6,19.9,38.2,20.0,0.2,0.0,13.6,0.4,2.9,1.8,0.0,0.0,8.8,1.6,30.4,45.5,0.4,0.0,-0.38,0.42,46.3,13.8,8.2,3.8,0.0,0.0,0.0,0.0,1.22,50.0,,1.6,3.2,3.0,0.6
Caoimhín Kelleher,Goalkeepers,180,2020-2021 Champions League,35.4,15.8,27.0,50.0,0.5,0.0,19.0,1.0,5.3,0.5,0.5,0.0,11.0,0.5,45.2,22.7,0.0,0.0,0.65,0.13,36.8,36.5,19.0,7.0,0.5,0.5,0.0,0.0,1.15,100.0,0.0,4.5,5.0,8.0,0.5
Caoimhín Kelleher,Goalkeepers,270,2024-2025 Champions League,28.1,18.9,30.9,100.0,1.0,0.0,9.67,0.67,6.9,2.0,0.0,0.0,4.67,0.0,21.6,21.4,0.0,0.0,1.23,0.24,37.5,32.33,8.0,3.0,0.0,0.33,0.0,0.33,1.23,100.0,100.0,4.0,4.33,2.33,1.0
Caoimhín Kelleher,Goalkeepers,720,2023-2024 Europa League,29.0,14.0,29.2,12.5,0.13,0.13,10.38,1.0,9.6,1.38,0.0,0.0,3.75,1.5,21.6,23.3,0.38,0.13,-0.05,0.32,32.1,42.75,10.13,3.25,0.0,0.0,0.0,0.0,1.33,63.6,,2.75,4.13,6.75,0.63
Caoimhín Kelleher,Goalkeepers,720,2024-2025 Premier League,29.1,15.1,44.7,37.5,0.38,0.0,10.88,0.5,4.6,1.0,0.25,0.0,1.88,1.13,29.9,66.7,0.0,0.0,0.18,0.31,26.6,35.13,11.75,3.13,0.0,0.13,0.0,0.13,1.3,71.0,100.0,2.63,3.88,4.63,0.75
Caoimhín Kelleher,Goalkeepers,900,2023-2024 Premier League,27.3,17.0,34.9,20.0,0.2,0.3,7.7,0.5,6.5,1.3,0.2,0.0,2.8,1.1,22.4,35.7,0.0,0.1,0.13,0.3,31.4,41.1,10.2,3.2,0.0,0.0,0.0,0.0,1.13,71.1,,2.8,3.8,5.2,0.8
Caoimhín Kelleher,Goalkeepers,1980,"Last 365 Days Men's Big 5 Leagues, UCL, UEL",29.3,16.4,36.2,31.8,0.32,0.09,9.68,0.59,6.1,1.32,0.18,0.0,2.64,1.0,26.4,37.9,0.05,0.09,0.36,0.3,27.9,39.45,11.41,3.18,0.0,0.09,0.0,0.09,1.27,75.8,100.0,3.14,4.14,4.95,0.77
Carlos Miguel,Goalkeepers,180,2023 Copa Libertadores,33.1,8.9,41.1,100.0,1.0,0.0,18.0,2.0,11.1,0.0,0.5,0.0,12.0,0.0,31.0,41.7,0.0,0.0,1.0,0.11,53.6,29.0,14.0,7.5,0.0,0.5,0.0,0.5,1.0,100.0,100.0,4.0,4.5,4.0,0.5
Carlos Miguel,Goalkeepers,540,2024 Série A,32.5,13.7,43.8,33.3,0.33,0.0,16.33,0.67,4.1,1.0,0.5,0.0,7.67,1.17,29.5,54.3,0.33,0.33,0.35,0.21,50.0,23.17,11.0,5.5,0.17,0.17,0.0,0.0,1.18,79.3,0.0,4.0,4.83,4.33,0.17
Carlos Miguel,Goalkeepers,540,Last 365 Days Men's Next 14 Competitions,32.5,13.7,43.8,33.3,0.33,0.0,16.33,0.67,4.1,1.0,0.5,0.0,7.67,1.17,29.5,54.3,0.33,0.33,0.35,0.21,50.0,23.17,11.0,5.5,0.17,0.17,0.0,0.0,1.18,79.3,0.0,4.0,4.83,4.33,0.17
Christian Walton,Goalkeepers,3060,2018-2019 Championship,50.6,12.5,65.9,26.5,0.26,0.18,15.26,0.88,5.8,0.85,0.24,0.0,9.12,1.41,75.0,92.9,0.44,0.12,-0.07,0.29,29.2,19.74,23.26,6.79,0.12,0.18,0.0,0.06,1.23,65.1,33.3,2.35,3.71,1.76,0.32
Christian Walton,Goalkeepers,4140,2019-2020 Championship,42.6,14.9,63.9,26.1,0.26,0.07,12.98,0.93,7.2,1.09,0.26,0.04,8.57,1.37,54.9,87.3,0.37,0.07,0.0,0.28,30.8,26.17,21.85,6.74,0.2,0.22,0.0,0.02,1.3,70.5,10.0,2.65,3.98,4.83,0.37
Daniel Bentley,Goalkeepers,1170,2022-2023 Championship,43.8,13.9,47.8,30.8,0.31,0.38,12.62,0.46,3.7,0.62,0.23,0.0,6.69,1.62,63.1,64.4,0.46,0.0,-0.2,0.34,31.1,26.46,21.0,6.54,0.08,0.08,0.0,0.0,1.42,64.3,0.0,2.69,4.31,4.23,0.31
Daniel Bentley,Goalkeepers,2954,2018-2019 Championship,35.9,15.4,48.1,21.9,0.21,0.12,13.74,0.46,3.3,1.98,0.24,0.03,8.53,1.37,42.8,58.2,0.37,0.09,-0.13,0.3,33.4,32.78,18.98,6.34,0.0,0.06,0.0,0.06,1.15,62.2,100.0,2.29,3.63,8.77,0.4
Daniel Bentley,Goalkeepers,3358,2021-2022 Championship,44.9,14.6,57.6,16.2,0.16,0.16,15.81,0.59,3.7,1.39,0.24,0.0,8.66,1.5,65.7,78.3,0.43,0.03,0.03,0.29,38.4,25.62,23.61,9.06,0.11,0.16,0.0,0.05,1.5,70.9,33.3,3.27,4.8,4.37,0.32
Daniel Bentley,Goalkeepers,3843,2019-2020 Championship,40.3,14.6,54.2,23.8,0.23,0.14,17.52,0.56,3.2,1.55,0.23,0.05,8.95,1.43,52.7,70.2,0.35,0.07,-0.03,0.28,35.0,28.34,21.22,7.42,0.09,0.09,0.0,0.0,1.33,70.2,0.0,3.11,4.47,6.14,0.4
Daniel Bentley,Goalkeepers,3870,2020-2021 Championship,42.4,11.8,57.0,20.9,0.21,0.3,17.88,0.4,2.2,0.6,0.09,0.02,9.86,1.44,57.6,76.9,0.56,0.0,-0.05,0.31,34.9,25.86,22.47,7.84,0.09,0.12,0.0,0.02,1.39,68.0,20.0,2.74,4.21,4.91,0.35
Daniel Iversen,Goalkeepers,1080,2022-2023 Premier League,37.2,10.3,46.2,8.3,0.08,0.17,16.92,1.33,7.9,0.5,0.33,0.17,9.5,1.83,47.1,62.3,0.5,0.08,-0.18,0.29,19.6,21.75,16.17,3.17,0.17,0.17,0.0,0.0,1.58,66.1,0.0,3.17,4.92,4.08,0.17
Daniel Iversen,Goalkeepers,1530,Last 365 Days Men's Next 14 Competitions,39.1,14.8,51.4,35.3,0.35,0.12,12.53,1.0,8.0,1.41,0.18,0.06,6.41,1.29,45.5,67.0,0.41,0.0,-0.14,0.35,23.1,28.06,17.06,3.94,0.06,0.06,0.0,0.0,1.15,61.1,0.0,1.88,3.18,3.94,0.41
Daniel Iversen,Goalkeepers,1620,2023-2024 Championship,38.5,14.7,51.5,38.9,0.39,0.11,12.44,1.06,8.5,1.44,0.17,0.06,6.33,1.22,43.8,67.5,0.39,0.0,-0.13,0.35,23.1,28.17,16.61,3.83,0.06,0.06,0.0,0.0,1.09,61.1,0.0,1.78,3.0,3.89,0.44
Daniel Iversen,Goalkeepers,2070,2020-2021 Championship,47.3,13.8,61.4,39.1,0.39,0.17,13.78,0.83,6.0,1.09,0.22,0.0,8.87,1.09,68.6,87.7,0.43,0.13,0.1,0.26,30.7,23.78,24.09,7.39,0.13,0.17,0.04,0.0,1.06,73.5,0.0,2.65,3.61,3.39,0.35
Daniel Iversen,Goalkeepers,4128,2021-2022 Championship,41.0,13.0,51.6,28.9,0.28,0.11,13.78,1.07,7.8,0.89,0.35,0.0,8.28,1.22,52.8,70.8,0.28,0.04,0.05,0.31,32.1,26.4,19.82,6.37,0.07,0.07,0.0,0.0,1.23,70.7,0.0,2.77,3.95,5.28,0.35
Danny Ward,Goalkeepers,180,2020-2021 Europa League,30.8,21.0,47.3,50.0,0.5,0.0,12.5,0.0,0.0,0.5,0.0,0.0,8.0,0.5,32.4,62.5,0.5,0.0,0.15,0.43,45.5,18.5,11.0,5.0,0.0,0.0,0.0,0.0,0.65,66.7,,1.0,1.5,2.0,0.5
Danny Ward,Goalkeepers,360,2021 UEFA Euro 2020,43.7,7.9,45.7,25.0,0.25,0.25,20.25,1.25,6.2,0.0,0.25,0.0,9.5,1.5,58.6,57.9,0.5,0.0,0.15,0.3,35.6,21.75,18.25,6.5,0.0,0.0,0.0,0.0,1.65,73.9,,4.25,5.75,4.0,0.25
Danny Ward,Goalkeepers,2340,2022-2023 Premier League,30.4,15.9,35.1,23.1,0.23,0.23,13.65,0.77,5.6,1.62,0.12,0.08,7.31,1.77,29.7,42.1,0.62,0.15,-0.21,0.29,31.0,28.85,11.65,3.62,0.08,0.12,0.0,0.04,1.4,63.0,33.3,2.88,4.58,5.92,0.27
David Raya,Goalkeepers,540,2024-2025 Champions League,34.4,16.1,41.4,66.7,0.67,0.17,10.0,0.83,8.3,1.0,0.17,0.0,4.67,0.33,40.6,50.0,0.17,0.0,0.43,0.21,36.1,28.33,13.83,5.0,0.17,0.33,0.0,0.17,0.77,93.8,50.0,2.17,2.67,3.67,0.67
David Raya,Goalkeepers,840,2023-2024 Champions League,30.1,16.7,40.3,44.4,0.44,0.11,9.56,1.56,16.3,1.78,0.11,0.0,3.67,0.78,32.1,45.5,0.33,0.0,-0.11,0.22,40.0,29.44,11.11,4.44,0.11,0.11,0.0,0.0,0.67,73.9,0.0,1.78,2.56,4.89,0.56
David Raya,Goalkeepers,1890,2024-2025 Premier League,31.7,15.8,51.7,33.3,0.33,0.19,11.1,1.52,13.7,1.57,0.33,0.05,3.95,0.9,34.4,73.5,0.1,0.0,-0.03,0.24,34.3,32.71,14.14,4.86,0.1,0.1,0.0,0.0,0.88,75.4,0.0,2.38,3.29,4.33,0.57
David Raya,Goalkeepers,2160,2021-2022 Premier League,36.2,15.8,49.9,33.3,0.33,0.13,16.75,1.13,6.7,1.46,0.21,0.04,8.42,1.13,44.4,68.3,0.38,0.0,-0.03,0.22,42.7,36.5,21.96,9.38,0.17,0.17,0.0,0.0,1.09,77.7,0.0,3.17,4.29,4.92,0.42
David Raya,Goalkeepers,2880,2023-2024 Premier League,30.7,17.9,47.5,50.0,0.5,0.16,10.28,1.25,12.2,1.56,0.13,0.03,3.0,0.75,32.2,62.5,0.16,0.03,-0.08,0.26,37.1,30.28,11.63,4.31,0.06,0.09,0.0,0.03,0.64,68.1,33.3,1.41,2.16,4.97,0.72
David Raya,Goalkeepers,3420,2022-2023 Premier League,39.5,15.7,51.8,31.6,0.32,0.24,15.74,1.39,8.9,1.42,0.37,0.03,7.08,1.21,50.7,70.3,0.24,0.08,0.13,0.24,39.3,35.97,23.21,9.13,0.05,0.05,0.0,0.0,1.27,77.7,0.0,4.05,5.18,4.21,0.39
David Raya,Goalkeepers,3690,2018-2019 Championship,47.9,15.4,66.7,25.0,0.24,0.07,13.25,0.88,6.6,1.42,0.27,0.05,7.9,1.56,64.7,91.3,0.42,0.07,-0.02,0.32,30.8,25.82,23.91,7.36,0.1,0.17,0.05,0.02,1.45,66.7,20.0,2.89,4.4,4.3,0.32
David Raya,Goalkeepers,3780,2020-2021 Championship,31.3,16.5,38.6,38.1,0.38,0.05,12.62,0.83,6.6,1.69,0.33,0.02,5.52,0.86,29.7,44.8,0.12,0.02,-0.02,0.24,39.9,43.98,15.52,6.19,0.1,0.1,0.0,0.0,0.81,74.6,0.0,2.17,3.0,7.55,0.55
David Raya,Goalkeepers,4140,2019-2020 Championship,32.5,15.8,35.9,34.8,0.35,0.17,13.28,0.89,6.7,1.43,0.2,0.0,7.26,0.83,32.4,39.5,0.28,0.02,-0.04,0.24,39.7,34.04,13.89,5.52,0.07,0.07,0.0,0.0,0.76,74.3,0.0,2.15,2.96,9.2,0.52
David Raya,Goalkeepers,4350,"Last 365 Days Men's Big 5 Leagues, UCL, UEL",31.7,16.5,48.0,47.9,0.48,0.13,10.92,1.23,11.3,1.48,0.21,0.04,3.63,0.69,35.0,64.9,0.13,0.02,0.03,0.23,36.2,30.42,13.0,4.71,0.1,0.13,0.0,0.02,0.7,77.6,16.7,1.92,2.6,4.35,0.67
Dean Henderson,Goalkeepers,360,2020-2021 Europa League,32.7,13.5,34.5,75.0,0.75,0.25,14.5,1.0,6.9,0.5,0.5,0.0,6.0,0.25,29.6,29.2,0.0,0.0,0.45,0.23,30.6,24.5,9.0,2.75,0.0,0.25,0.25,0.0,0.7,91.7,,2.75,3.0,5.5,0.5
Dean Henderson,Goalkeepers,1125,2020-2021 Premier League,30.9,17.4,30.0,33.3,0.32,0.32,13.52,0.72,5.3,1.52,0.16,0.0,7.52,0.96,28.3,28.7,0.08,0.0,-0.06,0.23,20.7,18.4,7.36,1.52,0.0,0.0,0.0,0.0,0.9,76.5,,3.12,4.08,5.28,0.72
Dean Henderson,Goalkeepers,1620,2022-2023 Premier League,38.5,15.6,45.3,33.3,0.33,0.28,16.17,1.11,6.9,1.5,0.28,0.06,8.67,1.72,47.2,59.0,0.44,0.0,-0.23,0.28,32.3,28.5,18.56,6.0,0.11,0.28,0.06,0.11,1.49,65.9,50.0,2.89,4.72,5.94,0.28
Dean Henderson,Goalkeepers,1620,2023-2024 Premier League,38.6,13.8,47.0,22.2,0.22,0.17,13.67,0.28,2.0,0.94,0.22,0.0,5.83,1.67,46.7,65.7,0.33,0.06,-0.09,0.31,24.1,20.94,13.61,3.28,0.06,0.06,0.0,0.0,1.52,66.3,0.0,3.17,4.78,2.89,0.44
Dean Henderson,Goalkeepers,1980,2024-2025 Premier League,38.3,15.3,43.7,27.3,0.27,0.09,14.59,0.77,5.3,1.23,0.41,0.0,7.45,1.27,47.7,53.0,0.32,0.09,0.13,0.34,25.3,25.23,16.0,4.05,0.0,0.05,0.0,0.05,1.31,67.4,100.0,2.68,3.91,3.14,0.27
Dean Henderson,Goalkeepers,3240,2019-2020 Premier League,51.9,12.5,69.1,36.1,0.36,0.06,15.33,0.56,3.6,0.64,0.31,0.0,7.25,0.92,74.3,97.3,0.31,0.0,0.17,0.31,31.2,21.64,23.14,7.22,0.03,0.08,0.03,0.03,1.09,75.0,50.0,2.61,3.56,2.94,0.39
Dean Henderson,Goalkeepers,3240,"Last 365 Days Men's Big 5 Leagues, UCL, UEL",38.3,14.7,43.3,27.8,0.28,0.14,14.11,0.56,3.9,1.14,0.31,0.0,6.69,1.44,47.6,54.4,0.33,0.08,-0.02,0.33,24.3,22.86,14.53,3.53,0.0,0.03,0.0,0.03,1.34,65.3,100.0,2.78,4.17,2.97,0.36
Dean Henderson,Goalkeepers,4140,2018-2019 Championship,45.2,10.1,65.1,45.7,0.46,0.2,14.24,0.76,5.3,0.3,0.24,0.04,7.91,0.89,59.8,90.9,0.2,0.02,0.0,0.27,28.0,18.59,18.3,5.13,0.0,0.02,0.02,0.0,0.87,72.8,,2.41,3.28,3.54,0.57
Ederson,Goalkeepers,360,2021 Copa América,33.7,8.6,38.1,75.0,0.75,0.0,8.5,0.75,8.8,0.25,0.0,0.0,5.75,0.25,28.4,47.8,0.25,0.0,0.25,0.18,40.0,16.75,7.5,3.0,0.0,0.0,0.0,0.0,0.5,90.9,,2.5,2.75,3.5,0.75
Ederson,Goalkeepers,360,2024-2025 Champions League,26.9,17.6,31.3,25.0,0.25,0.0,5.5,0.25,4.5,2.0,0.5,0.0,4.0,2.25,17.9,18.8,0.5,0.0,-0.55,0.3,54.5,26.5,5.5,3.0,0.5,0.5,0.0,0.0,1.7,63.2,0.0,2.5,4.75,4.0,0.0
Ederson,Goalkeepers,660,2023-2024 Champions League,24.7,14.4,21.5,14.3,0.14,0.0,6.14,0.57,9.3,0.86,0.14,0.0,3.29,0.86,11.9,8.7,0.0,0.0,-0.07,0.45,69.0,32.29,4.14,2.86,0.0,0.0,0.0,0.0,0.79,53.8,,1.0,1.86,4.14,0.86
Ederson,Goalkeepers,675,2019-2020 Champions League,32.6,21.4,45.0,28.6,0.27,0.0,6.0,0.53,8.9,2.67,0.27,0.0,3.87,0.93,29.3,48.3,0.13,0.0,0.08,0.29,45.0,30.0,10.67,4.8,0.13,0.13,0.0,0.0,1.01,73.9,0.0,2.13,3.07,4.0,0.67
Ederson,Goalkeepers,810,2017-2018 Champions League,26.7,16.0,40.5,44.4,0.44,0.0,7.44,0.56,7.5,1.44,0.0,0.0,5.11,1.11,18.3,34.8,0.33,0.0,0.32,0.3,45.3,29.22,7.11,3.22,0.22,0.33,0.0,0.11,1.43,75.8,33.3,2.44,3.67,4.78,0.67
Ederson,Goalkeepers,900,2018-2019 Champions League,25.9,18.4,41.2,30.0,0.3,0.1,6.9,0.6,8.7,1.8,0.1,0.0,4.8,1.2,14.3,37.5,0.2,0.0,-0.19,0.24,50.0,23.7,5.2,2.6,0.3,0.3,0.0,0.0,1.01,72.7,0.0,2.1,3.3,3.7,0.7
Ederson,Goalkeepers,990,2022-2023 Champions League,29.6,16.2,43.4,63.6,0.64,0.18,8.0,0.36,4.5,0.82,0.36,0.0,4.18,0.36,24.3,50.0,0.0,0.0,0.23,0.19,46.9,27.27,8.73,4.09,0.09,0.09,0.0,0.0,0.59,90.3,0.0,2.45,2.82,4.09,0.64
Ederson,Goalkeepers,1002,2021-2022 Champions League,28.9,20.2,36.0,30.0,0.28,0.0,7.13,0.09,1.3,1.3,0.19,0.0,4.72,1.3,21.3,33.3,0.19,0.09,-0.32,0.28,44.0,25.19,6.94,3.06,0.19,0.19,0.0,0.0,0.9,53.8,0.0,1.39,2.59,3.43,0.65
Ederson,Goalkeepers,1080,2020-2021 Champions League,28.1,19.3,34.0,58.3,0.58,0.08,6.33,0.33,5.3,1.58,0.08,0.0,3.83,0.42,20.2,28.3,0.08,0.0,0.12,0.29,43.7,23.92,5.92,2.58,0.0,0.0,0.0,0.0,0.53,77.3,,1.42,1.83,4.42,0.83
Ederson,Goalkeepers,1170,2024-2025 Premier League,28.4,17.6,31.4,15.4,0.15,0.08,7.92,0.31,3.9,1.77,0.15,0.0,2.92,1.46,20.5,23.7,0.31,0.08,0.09,0.39,47.9,32.69,7.38,3.54,0.15,0.15,0.0,0.0,1.48,63.0,0.0,2.15,3.54,3.23,0.54
Ederson,Goalkeepers,2785,2023-2024 Premier League,27.2,17.3,36.3,34.5,0.32,0.06,7.98,0.81,10.1,1.62,0.19,0.0,3.68,0.87,18.2,36.0,0.1,0.03,0.0,0.3,46.3,35.39,7.95,3.68,0.1,0.06,0.0,0.0,0.88,69.6,0.0,1.81,2.65,4.43,0.78
Ederson,Goalkeepers,2988,"Last 365 Days Men's Big 5 Leagues, UCL, UEL",26.5,17.9,31.7,25.8,0.24,0.03,7.55,0.49,6.5,2.1,0.21,0.0,3.47,1.16,17.1,25.4,0.18,0.03,0.03,0.36,48.8,31.86,6.48,3.16,0.15,0.12,0.0,0.0,1.19,66.7,0.0,1.98,3.1,4.08,0.64
Ederson,Goalkeepers,3071,2019-2020 Premier League,26.0,19.3,30.0,47.1,0.47,0.12,7.62,0.41,5.4,1.85,0.09,0.03,4.07,0.82,15.4,27.3,0.23,0.03,0.08,0.29,40.4,27.52,5.36,2.17,0.09,0.09,0.0,0.0,0.87,73.7,0.0,1.99,2.78,5.22,0.7
Ederson,Goalkeepers,3150,2022-2023 Premier League,28.0,15.7,32.3,31.4,0.31,0.11,8.17,0.54,6.6,0.94,0.11,0.03,4.34,0.91,19.6,30.9,0.14,0.03,-0.14,0.3,44.5,31.54,7.51,3.34,0.09,0.09,0.0,0.0,0.75,62.3,0.0,1.31,2.2,4.2,0.74
Ederson,Goalkeepers,3194,2017-2018 Premier League,26.2,18.8,46.1,45.7,0.45,0.03,7.47,0.54,7.2,2.45,0.11,0.03,4.51,0.73,15.5,53.1,0.06,0.06,-0.03,0.28,47.8,26.35,6.48,3.1,0.0,0.06,0.0,0.06,0.67,66.2,100.0,1.52,2.25,4.71,0.85
Ederson,Goalkeepers,3240,2020-2021 Premier League,28.4,16.6,39.3,52.8,0.53,0.06,8.58,0.53,6.1,1.22,0.14,0.0,4.25,0.78,20.6,43.8,0.17,0.03,0.04,0.23,40.6,26.86,7.39,3.0,0.19,0.22,0.0,0.03,0.79,77.4,12.5,1.81,2.58,4.47,0.69
Ederson,Goalkeepers,3330,2021-2022 Premier League,25.7,19.0,26.8,54.1,0.54,0.03,8.11,0.57,7.0,1.49,0.16,0.0,3.73,0.7,15.7,19.6,0.08,0.0,-0.01,0.3,47.8,26.7,4.92,2.35,0.03,0.03,0.0,0.0,0.69,69.9,0.0,1.54,2.24,4.46,0.76
Ederson,Goalkeepers,3420,2018-2019 Premier League,26.8,16.9,42.9,52.6,0.53,0.13,7.42,0.5,6.7,1.08,0.05,0.03,4.97,0.61,17.1,43.4,0.11,0.0,0.01,0.25,41.0,24.18,6.29,2.58,0.11,0.11,0.0,0.0,0.61,76.5,0.0,1.53,2.13,4.95,0.84
Emiliano Martínez,Goalkeepers,450,2017-2018 La Liga,52.5,9.9,65.7,40.0,0.4,0.4,14.0,0.8,5.7,0.6,0.2,0.0,9.6,1.4,78.6,97.9,0.4,0.0,-0.12,0.29,38.3,20.6,25.6,9.8,0.2,0.2,0.0,0.0,1.28,68.4,0.0,2.4,3.8,2.2,0.4
Emiliano Martínez,Goalkeepers,480,Last 365 Days Men's Next 14 Competitions,28.6,14.7,45.4,40.0,0.4,0.4,9.8,1.4,14.3,1.2,0.2,0.0,5.0,1.0,22.7,56.0,0.4,0.0,0.4,0.41,43.5,42.2,12.4,5.4,0.0,0.0,0.0,0.0,1.4,70.6,,2.4,3.4,4.0,0.4
Emiliano Martínez,Goalkeepers,540,2019-2020 Europa League,35.1,12.6,36.0,33.3,0.33,0.17,15.17,0.83,5.5,0.5,0.33,0.0,10.0,1.17,34.2,36.7,0.17,0.0,-0.27,0.21,29.5,19.0,10.17,3.0,0.0,0.0,0.0,0.0,0.9,73.1,,3.17,4.33,5.0,0.5
Emiliano Martínez,Goalkeepers,540,2024-2025 Champions League,31.3,9.2,49.7,66.7,0.67,0.0,10.67,1.83,17.2,0.33,0.17,0.0,3.5,0.5,25.6,61.9,0.17,0.0,0.6,0.19,44.6,33.83,10.83,4.83,0.17,0.17,0.0,0.0,1.1,93.5,0.0,4.67,5.17,3.33,0.67
Emiliano Martínez,Goalkeepers,570,2021 Copa América,37.1,11.3,52.8,66.7,0.67,0.0,11.17,1.83,16.4,0.33,0.33,0.0,6.0,0.33,42.5,72.2,0.0,0.0,0.12,0.15,38.8,21.17,13.33,5.17,0.0,0.17,0.0,0.17,0.45,85.7,100.0,1.83,2.33,4.33,0.67
Emiliano Martínez,Goalkeepers,570,2024 Copa América,30.7,10.3,41.9,83.3,0.83,0.0,9.33,2.0,21.4,0.0,0.17,0.0,5.83,0.17,23.7,42.9,0.0,0.0,0.32,0.21,39.0,31.0,9.83,3.83,0.0,0.17,0.17,0.0,0.48,92.9,,2.17,2.33,5.0,0.83
Emiliano Martínez,Goalkeepers,690,2022 World Cup,34.3,12.8,45.9,42.9,0.43,0.0,12.57,1.71,13.6,0.71,0.29,0.0,5.57,1.14,38.8,53.8,0.14,0.14,-0.23,0.27,19.2,21.0,11.14,2.14,0.29,0.29,0.0,0.0,0.77,53.8,0.0,0.86,1.86,4.86,0.57
Emiliano Martínez,Goalkeepers,771,2019-2020 Premier League,31.4,13.2,40.2,37.5,0.35,0.35,16.11,0.93,5.8,0.47,0.12,0.0,7.12,1.05,29.3,49.2,0.23,0.0,0.33,0.26,28.6,27.08,11.44,3.27,0.12,0.12,0.0,0.0,1.38,81.0,0.0,3.85,4.9,5.6,0.58
Emiliano Martínez,Goalkeepers,840,2023-2024 Europa Conference League,27.3,18.4,38.9,33.3,0.33,0.22,8.0,1.0,12.5,1.89,0.11,0.0,4.89,1.11,19.7,43.2,0.33,0.0,0.11,0.38,47.3,40.56,10.11,4.78,0.0,0.0,0.0,0.0,1.22,65.5,,2.11,3.22,4.33,0.56
Emiliano Martínez,Goalkeepers,1620,2018-2019 Championship,38.4,11.2,52.0,27.8,0.28,0.06,19.0,1.33,7.0,0.39,0.5,0.0,10.06,1.28,45.0,69.6,0.22,0.0,0.18,0.27,34.3,28.39,19.78,6.78,0.06,0.06,0.0,0.0,1.46,77.1,0.0,4.06,5.33,5.11,0.28
Emiliano Martínez,Goalkeepers,1845,2024-2025 Premier League,29.4,13.1,43.5,15.0,0.15,0.05,13.37,1.56,11.7,0.93,0.24,0.05,4.24,1.51,22.3,54.0,0.29,0.0,-0.1,0.33,44.0,33.32,10.1,4.44,0.05,0.1,0.0,0.05,1.38,63.4,50.0,2.44,4.0,3.51,0.49
Emiliano Martínez,Goalkeepers,3015,2023-2024 Premier League,27.7,17.5,36.1,24.2,0.24,0.3,11.13,1.34,12.1,2.06,0.24,0.0,4.75,1.43,21.0,40.9,0.21,0.12,0.2,0.37,36.4,37.91,9.91,3.61,0.03,0.03,0.0,0.0,1.51,65.9,0.0,2.84,4.15,4.69,0.57
Emiliano Martínez,Goalkeepers,3139,2022-2023 Premier League,33.0,16.6,40.7,32.4,0.32,0.17,13.85,1.72,12.4,2.09,0.2,0.03,6.08,1.09,35.5,50.5,0.34,0.11,0.07,0.24,38.0,33.57,15.0,5.71,0.11,0.14,0.0,0.03,1.05,73.6,20.0,2.78,3.78,3.87,0.49
Emiliano Martínez,Goalkeepers,3240,2021-2022 Premier League,33.6,15.4,34.1,30.6,0.31,0.14,13.17,0.94,7.2,0.92,0.17,0.06,7.64,1.33,36.4,38.5,0.47,0.06,-0.11,0.27,36.0,22.89,11.28,4.06,0.11,0.17,0.03,0.03,1.17,68.6,20.0,2.58,3.89,4.5,0.36
Emiliano Martínez,Goalkeepers,3420,2020-2021 Premier League,37.1,14.2,47.0,39.5,0.39,0.11,16.13,1.11,6.9,0.89,0.18,0.05,6.66,1.21,45.1,64.0,0.39,0.03,0.11,0.24,38.7,27.84,16.82,6.5,0.13,0.16,0.0,0.03,1.29,78.0,16.7,3.5,4.89,4.66,0.42
Emiliano Martínez,Goalkeepers,3600,"Last 365 Days Men's Big 5 Leagues, UCL, UEL",28.8,13.5,41.5,25.6,0.25,0.15,12.7,1.55,12.2,1.05,0.25,0.03,4.45,1.4,21.5,50.0,0.25,0.05,0.13,0.33,39.5,36.38,10.25,4.05,0.08,0.1,0.0,0.03,1.47,68.6,25.0,2.88,4.25,3.83,0.53
Filip Jørgensen,Goalkeepers,270,2022-2023 Europa Conference League,28.8,20.4,43.3,33.3,0.33,0.0,13.0,0.33,2.6,2.0,0.0,0.0,7.67,1.33,23.2,56.5,0.0,0.0,0.0,0.4,51.7,23.0,9.67,5.0,0.33,0.33,0.0,0.0,1.33,62.5,0.0,1.33,2.67,3.33,1.0
Filip Jørgensen,Goalkeepers,540,2024-2025 Conference League,20.5,13.1,27.5,33.3,0.33,0.33,9.0,1.17,13.0,0.67,0.0,0.0,1.67,0.83,5.9,20.0,0.0,0.0,0.58,0.29,12.5,39.83,2.67,0.33,0.0,0.0,0.0,0.0,1.42,83.9,,4.33,5.17,6.83,1.0
Filip Jørgensen,Goalkeepers,540,Last 365 Days Men's Next 14 Competitions,20.5,13.1,27.5,33.3,0.33,0.33,9.0,1.17,13.0,0.67,0.0,0.0,1.67,0.83,5.9,20.0,0.0,0.0,0.58,0.29,12.5,39.83,2.67,0.33,0.0,0.0,0.0,0.0,1.42,83.9,,4.33,5.17,6.83,1.0
Filip Jørgensen,Goalkeepers,990,2022-2023 Segunda División,29.4,12.1,36.4,36.4,0.36,0.45,13.91,1.0,7.2,0.64,0.27,0.09,8.91,1.0,21.8,33.7,0.36,0.0,0.1,0.28,36.3,24.18,8.27,3.0,0.09,0.09,0.0,0.0,1.1,75.0,0.0,2.64,3.64,5.73,0.36
Filip Jørgensen,Goalkeepers,1710,"Last 365 Days Men's Big 5 Leagues, UCL, UEL",29.9,13.2,35.6,21.1,0.21,0.11,16.47,0.89,5.4,0.95,0.32,0.0,6.32,1.37,25.4,34.2,0.16,0.05,0.07,0.27,37.6,26.74,8.95,3.37,0.16,0.16,0.0,0.0,1.39,75.0,0.0,3.53,4.84,4.63,0.53
Filip Jørgensen,Goalkeepers,3240,2023-2024 La Liga,29.7,13.4,37.8,16.7,0.17,0.25,18.06,0.94,5.2,1.0,0.28,0.03,6.81,1.75,24.5,41.6,0.36,0.03,-0.06,0.27,40.0,29.31,10.0,4.0,0.17,0.17,0.0,0.0,1.66,72.2,0.0,3.97,5.69,4.94,0.36
Fraser Forster,Goalkeepers,180,2022-2023 Champions League,26.6,25.0,26.0,50.0,0.5,0.0,8.5,0.0,0.0,1.5,0.5,0.0,5.0,0.5,17.8,10.0,0.5,0.0,0.5,0.4,33.3,22.5,4.5,1.5,0.0,0.0,0.0,0.0,1.0,85.7,,3.0,3.5,8.0,0.0
Fraser Forster,Goalkeepers,360,2024-2025 Europa League,23.8,13.9,23.7,25.0,0.25,0.25,17.75,1.25,7.0,1.5,0.5,0.0,7.5,1.5,12.7,20.0,0.25,0.0,0.25,0.32,27.3,31.5,5.5,1.5,0.0,0.0,0.0,0.0,1.75,75.0,,4.5,6.0,5.75,0.25
Fraser Forster,Goalkeepers,630,2019-2020 Europa League,41.8,16.3,63.3,14.3,0.14,0.0,12.43,0.0,0.0,1.0,0.29,0.0,7.57,1.14,57.9,92.5,0.14,0.0,0.21,0.28,27.1,20.71,19.0,5.14,0.14,0.29,0.0,0.14,1.36,75.0,50.0,2.71,4.0,3.43,0.57
Fraser Forster,Goalkeepers,630,2024-2025 Premier League,27.2,11.1,14.6,14.3,0.14,0.14,11.57,0.57,4.9,0.43,0.29,0.0,8.0,2.14,21.3,1.8,0.57,0.0,0.21,0.36,35.5,20.14,4.43,1.57,0.29,0.29,0.0,0.0,2.36,69.0,0.0,3.86,6.0,4.29,0.14
Fraser Forster,Goalkeepers,720,2020-2021 Premier League,35.3,15.6,44.2,25.0,0.25,0.13,17.75,0.75,4.2,1.75,0.0,0.0,8.0,1.38,44.0,67.2,0.5,0.0,-0.15,0.23,22.4,25.88,16.75,3.75,0.25,0.38,0.0,0.13,1.23,71.0,33.3,2.38,3.88,3.5,0.5
Fraser Forster,Goalkeepers,990,"Last 365 Days Men's Big 5 Leagues, UCL, UEL",25.6,12.5,17.8,18.2,0.18,0.18,13.82,0.82,5.9,0.82,0.36,0.0,7.82,1.91,17.2,8.1,0.45,0.0,0.23,0.35,32.1,24.27,4.82,1.55,0.18,0.18,0.0,0.0,2.14,71.2,0.0,4.09,6.0,4.82,0.18
Fraser Forster,Goalkeepers,1215,2022-2023 Premier League,30.2,15.2,37.6,23.1,0.22,0.3,14.3,0.37,2.6,1.19,0.22,0.07,6.89,1.78,29.0,49.5,0.37,0.0,-0.2,0.34,29.0,19.93,9.19,2.67,0.15,0.22,0.0,0.07,1.58,60.0,33.3,2.22,4.07,5.26,0.37
Fraser Forster,Goalkeepers,1710,2021-2022 Premier League,39.6,12.3,49.5,15.8,0.16,0.26,15.0,1.0,6.7,1.26,0.26,0.0,7.37,1.84,50.1,70.7,0.42,0.11,-0.03,0.31,31.8,24.26,17.37,5.53,0.11,0.11,0.0,0.0,1.71,67.3,0.0,3.58,5.32,3.74,0.32
Fraser Forster,Goalkeepers,1800,2017-2018 Premier League,43.4,14.1,59.1,20.0,0.2,0.1,12.9,0.5,3.9,0.7,0.35,0.05,7.3,1.5,59.7,87.7,0.45,0.0,-0.21,0.26,29.4,18.0,17.15,5.05,0.0,0.05,0.0,0.05,1.29,69.1,100.0,3.3,4.85,3.1,0.2
Guglielmo Vicario,Goalkeepers,180,2024-2025 Europa League,22.9,15.5,21.7,50.0,0.5,0.0,19.0,1.5,7.9,2.0,0.0,0.0,6.0,0.5,8.7,8.3,0.0,0.0,0.45,0.19,28.6,34.5,3.5,1.0,0.0,0.5,0.5,0.0,0.95,90.0,,4.5,5.0,9.0,1.0
Guglielmo Vicario,Goalkeepers,1080,2024-2025 Premier League,20.8,14.1,20.1,25.0,0.25,0.17,12.17,1.58,13.0,1.67,0.08,0.0,3.08,1.08,6.6,8.1,0.42,0.0,0.24,0.39,32.3,35.25,2.58,0.83,0.0,0.0,0.0,0.0,1.33,68.3,,2.33,3.42,5.75,0.5
Guglielmo Vicario,Goalkeepers,2783,2022-2023 Serie A,33.8,11.5,42.9,23.3,0.23,0.26,19.6,1.1,5.6,0.71,0.39,0.0,5.5,1.26,33.5,50.0,0.32,0.03,0.04,0.27,30.3,35.77,14.71,4.46,0.13,0.19,0.03,0.03,1.32,73.9,20.0,3.07,4.33,4.88,0.29
Guglielmo Vicario,Goalkeepers,2790,"Last 365 Days Men's Big 5 Leagues, UCL, UEL",21.6,15.4,19.8,19.4,0.19,0.26,12.58,1.16,9.2,1.84,0.1,0.03,3.58,1.42,8.4,8.1,0.39,0.03,0.01,0.34,27.7,35.35,3.26,0.9,0.06,0.1,0.03,0.0,1.4,66.4,0.0,2.65,4.03,5.03,0.52
Guglielmo Vicario,Goalkeepers,2880,2018-2019 Serie B,38.6,13.2,55.1,12.5,0.13,0.06,18.38,0.34,1.9,0.59,0.44,0.0,10.03,1.25,48.7,86.3,0.34,0.0,0.14,0.25,34.4,23.88,20.28,6.97,0.19,0.25,0.0,0.06,1.39,77.5,25.0,3.41,4.72,6.09,0.22
Guglielmo Vicario,Goalkeepers,3150,2019-2020 Serie B,32.7,13.3,39.0,25.7,0.26,0.06,15.51,0.46,2.9,0.51,0.23,0.0,8.63,1.29,32.1,46.7,0.43,0.0,0.21,0.29,34.8,24.83,12.0,4.17,0.2,0.23,0.0,0.03,1.5,76.7,12.5,3.34,4.66,5.43,0.34
Guglielmo Vicario,Goalkeepers,3420,2021-2022 Serie A,29.5,13.9,37.5,18.4,0.18,0.13,15.84,0.92,5.8,1.0,0.29,0.03,6.76,1.84,26.2,41.6,0.45,0.16,0.03,0.28,34.5,28.05,10.16,3.5,0.13,0.26,0.08,0.05,1.72,69.9,28.6,3.95,5.68,5.66,0.26
Guglielmo Vicario,Goalkeepers,3420,2023-2024 Premier League,24.0,17.1,22.2,18.4,0.18,0.21,13.45,0.87,6.5,2.13,0.16,0.03,5.29,1.61,14.3,14.9,0.32,0.08,0.05,0.32,23.6,35.87,5.92,1.39,0.18,0.18,0.0,0.0,1.58,67.7,0.0,2.87,4.39,5.08,0.53
Jakub Stolarczyk,Goalkeepers,450,2024-2025 Premier League,31.2,11.0,43.5,0.0,0.0,0.2,17.6,1.2,6.8,0.8,0.0,0.0,5.8,2.2,42.8,62.1,1.0,0.0,-0.36,0.4,42.2,30.4,16.6,7.0,0.0,0.0,0.0,0.0,1.84,52.2,,2.4,4.6,3.8,0.0
Jakub Stolarczyk,Goalkeepers,450,"Last 365 Days Men's Big 5 Leagues, UCL, UEL",31.2,11.0,43.5,0.0,0.0,0.2,17.6,1.2,6.8,0.8,0.0,0.0,5.8,2.2,42.8,62.1,1.0,0.0,-0.36,0.4,42.2,30.4,16.6,7.0,0.0,0.0,0.0,0.0,1.84,52.2,,2.4,4.6,3.8,0.0
Joe Lumley,Goalkeepers,2430,2019-2020 Championship,34.5,14.3,46.2,11.1,0.11,0.3,15.37,0.48,3.1,1.07,0.22,0.07,8.52,1.74,36.3,57.4,0.41,0.0,-0.27,0.31,36.1,30.11,15.81,5.7,0.19,0.19,0.0,0.0,1.47,63.2,0.0,2.48,4.22,6.0,0.37
Joe Lumley,Goalkeepers,3060,2021-2022 Championship,40.2,16.6,51.5,38.2,0.38,0.06,11.18,0.94,8.4,1.85,0.18,0.0,7.35,1.0,52.4,68.4,0.35,0.09,-0.11,0.29,30.4,26.41,18.88,5.74,0.0,0.0,0.0,0.0,0.8,64.2,,1.88,2.79,3.79,0.47
Joe Lumley,Goalkeepers,3631,2022-2023 Championship,50.8,13.8,65.1,17.5,0.17,0.2,17.0,1.26,7.4,1.14,0.27,0.0,7.93,1.41,74.5,94.7,0.47,0.0,-0.26,0.29,44.5,22.9,24.56,10.93,0.1,0.07,0.0,0.0,1.16,65.6,0.0,2.4,3.82,2.26,0.27
Joe Lumley,Goalkeepers,3780,2018-2019 Championship,43.8,13.4,56.9,33.3,0.33,0.1,16.05,0.71,4.5,1.0,0.21,0.02,9.17,1.38,62.5,81.3,0.45,0.0,-0.05,0.3,36.5,24.5,22.76,8.31,0.17,0.19,0.02,0.0,1.33,70.0,0.0,2.67,4.05,3.64,0.33
John Ruddy,Goalkeepers,1530,Last 365 Days Men's Next 14 Competitions,38.9,12.0,47.6,29.4,0.29,0.24,16.41,2.12,12.9,0.65,0.18,0.0,8.88,1.12,44.0,62.9,0.47,0.0,0.18,0.27,31.8,25.12,16.65,5.29,0.0,0.0,0.0,0.0,1.29,76.3,,3.59,4.71,6.0,0.35
John Ruddy,Goalkeepers,3817,2022-2023 Championship,47.5,16.9,61.0,31.0,0.31,0.14,15.47,1.58,10.2,2.12,0.26,0.02,8.42,1.25,69.2,89.9,0.42,0.0,0.05,0.34,39.0,24.57,24.57,9.57,0.05,0.09,0.0,0.05,1.3,67.3,50.0,2.41,3.7,3.68,0.33
John Ruddy,Goalkeepers,3960,2023-2024 Championship,38.2,13.8,49.9,25.0,0.25,0.18,15.48,1.8,11.6,1.05,0.25,0.02,8.43,1.41,46.6,68.7,0.45,0.05,-0.07,0.28,35.9,28.43,19.05,6.84,0.0,0.0,0.0,0.0,1.3,70.5,,3.41,4.77,5.89,0.3
Jordan Pickford,Goalkeepers,270,2017-2018 Europa League,47.9,17.9,60.2,0.0,0.0,0.0,11.67,0.67,5.7,2.67,0.33,0.0,9.33,2.33,62.5,82.1,0.67,0.0,-0.43,0.27,29.4,24.0,22.67,6.67,0.33,0.33,0.0,0.0,1.9,66.7,0.0,3.67,6.0,3.67,0.0
Jordan Pickford,Goalkeepers,450,2022 World Cup,29.2,16.2,45.9,60.0,0.6,0.2,7.8,0.4,5.1,1.0,0.2,0.0,7.2,0.8,27.6,47.2,0.2,0.0,-0.3,0.24,39.2,24.6,10.2,4.0,0.2,0.2,0.0,0.0,0.5,72.7,0.0,1.4,2.2,2.8,0.6
Jordan Pickford,Goalkeepers,690,2018 World Cup,38.2,20.2,49.1,14.3,0.14,0.14,11.57,0.43,3.7,1.71,0.14,0.0,7.86,1.14,47.2,54.5,0.43,0.0,-0.04,0.29,43.5,28.43,17.71,7.71,0.14,0.14,0.0,0.0,1.1,70.8,0.0,2.29,3.43,4.86,0.43
Jordan Pickford,Goalkeepers,690,2021 UEFA Euro 2020,37.0,11.9,48.2,71.4,0.71,0.14,10.14,0.14,1.4,0.57,0.29,0.14,6.71,0.29,43.8,61.7,0.0,0.0,0.2,0.22,38.0,30.0,17.29,6.57,0.0,0.0,0.0,0.0,0.49,88.9,,2.29,2.57,6.0,0.71
Jordan Pickford,Goalkeepers,690,2024 UEFA Euro 2024,32.1,14.3,53.5,28.6,0.29,0.0,11.86,0.43,3.6,0.57,0.43,0.0,7.29,0.86,33.2,68.6,0.14,0.0,-0.03,0.25,38.3,36.57,17.14,6.57,0.0,0.0,0.0,0.0,0.83,73.9,,2.43,3.29,5.43,0.43
Jordan Pickford,Goalkeepers,1800,2024-2025 Premier League,41.6,16.7,46.1,35.0,0.35,0.2,14.3,0.75,5.2,2.2,0.4,0.0,7.1,1.3,53.4,57.0,0.45,0.0,0.06,0.3,37.3,34.35,22.4,8.35,0.0,0.1,0.0,0.1,1.36,70.5,100.0,3.0,4.4,4.6,0.15
Jordan Pickford,Goalkeepers,2742,2020-2021 Premier League,37.8,13.3,52.4,33.3,0.33,0.16,15.36,0.66,4.3,1.02,0.16,0.03,6.5,1.28,47.4,70.2,0.36,0.03,0.03,0.28,39.0,31.21,19.37,7.55,0.07,0.1,0.03,0.0,1.24,71.1,0.0,2.95,4.2,4.96,0.49
Jordan Pickford,Goalkeepers,3150,2021-2022 Premier League,46.4,14.9,60.5,20.0,0.2,0.29,14.8,0.66,4.4,1.0,0.17,0.06,7.63,1.66,64.6,81.6,0.54,0.11,-0.07,0.31,34.8,24.94,22.34,7.77,0.03,0.03,0.0,0.0,1.48,66.5,0.0,3.31,4.86,3.4,0.29
Jordan Pickford,Goalkeepers,3330,2022-2023 Premier League,43.0,16.2,52.7,21.6,0.22,0.11,15.3,0.59,3.9,1.41,0.32,0.05,8.51,1.54,58.1,71.4,0.49,0.0,0.08,0.31,33.7,26.81,21.65,7.3,0.14,0.16,0.0,0.03,1.62,71.3,16.7,3.32,4.89,4.08,0.19
Jordan Pickford,Goalkeepers,3330,"Last 365 Days Men's Big 5 Leagues, UCL, UEL",41.4,16.0,46.9,35.1,0.35,0.19,15.62,0.89,5.7,1.89,0.38,0.0,7.14,1.32,54.3,58.0,0.41,0.03,0.15,0.29,37.5,36.03,23.7,8.89,0.08,0.14,0.0,0.05,1.44,72.9,40.0,3.24,4.59,4.32,0.22
Jordan Pickford,Goalkeepers,3420,2017-2018 Premier League,47.8,14.9,67.2,26.3,0.26,0.16,15.55,0.71,4.6,1.34,0.26,0.0,8.95,1.53,64.0,92.6,0.39,0.0,-0.05,0.3,34.1,25.89,24.87,8.47,0.08,0.13,0.03,0.03,1.48,69.1,25.0,3.13,4.68,4.26,0.34
Jordan Pickford,Goalkeepers,3420,2018-2019 Premier League,42.3,17.3,53.7,36.8,0.37,0.24,11.34,0.37,3.2,1.05,0.24,0.05,7.66,1.21,54.0,67.0,0.37,0.05,0.03,0.3,34.9,25.76,19.05,6.66,0.05,0.13,0.0,0.08,1.19,67.6,60.0,2.34,3.58,4.0,0.39
Jordan Pickford,Goalkeepers,3420,2019-2020 Premier League,40.1,13.4,48.5,23.7,0.24,0.13,13.42,0.63,4.7,0.66,0.26,0.08,6.95,1.47,50.8,62.1,0.39,0.08,-0.07,0.32,37.0,29.34,19.21,7.11,0.08,0.11,0.03,0.0,1.32,63.9,0.0,2.47,3.87,5.13,0.34
Jordan Pickford,Goalkeepers,3420,2023-2024 Premier League,41.6,15.9,48.3,34.2,0.34,0.24,15.0,0.79,5.3,1.42,0.24,0.0,7.18,1.34,56.7,60.8,0.42,0.08,0.12,0.28,40.0,34.13,23.71,9.47,0.21,0.21,0.0,0.0,1.38,73.9,0.0,3.08,4.34,3.71,0.34
José Sá,Goalkeepers,300,2019-2020 Europa League,38.3,11.2,55.4,0.0,0.0,0.0,21.33,1.0,4.7,0.67,0.33,0.33,12.0,1.0,44.3,77.8,0.33,0.0,0.23,0.34,17.3,35.33,25.0,4.33,0.0,0.0,0.0,0.0,1.23,72.7,,2.67,3.67,4.33,0.33
José Sá,Goalkeepers,360,2020-2021 Europa League,36.9,21.8,51.5,25.0,0.25,0.75,14.5,0.0,0.0,2.5,0.0,0.25,8.25,1.75,45.9,72.7,0.5,0.0,-0.68,0.21,30.6,33.25,21.25,6.5,0.0,0.0,0.0,0.0,1.08,66.7,,3.5,5.25,6.5,0.5
José Sá,Goalkeepers,450,2017-2018 Champions League,30.8,16.7,53.2,0.0,0.0,0.2,11.4,0.2,1.8,0.6,0.2,0.0,7.4,2.4,32.2,73.0,0.4,0.0,-0.4,0.4,33.3,24.2,13.2,4.4,0.2,0.2,0.0,0.0,2.0,54.2,0.0,2.4,4.8,3.6,0.4
José Sá,Goalkeepers,540,2019-2020 Champions League,38.5,9.8,55.0,16.7,0.17,0.5,16.17,1.17,7.2,0.17,0.17,0.0,7.5,2.33,46.7,73.3,0.67,0.0,-0.28,0.33,22.7,27.5,18.33,4.17,0.17,0.33,0.17,0.0,2.05,62.9,0.0,3.5,5.83,6.33,0.17
José Sá,Goalkeepers,540,2020-2021 Champions League,32.2,9.4,42.1,16.7,0.17,0.0,11.33,1.0,8.8,0.0,0.0,0.0,8.17,1.67,32.9,55.1,0.83,0.0,0.18,0.24,35.0,26.83,13.33,4.67,0.5,0.5,0.0,0.0,1.85,79.4,0.0,4.0,5.67,6.5,0.17
José Sá,Goalkeepers,630,2018-2019 Europa League,36.4,17.0,52.9,14.3,0.14,0.14,15.29,0.57,3.7,1.43,0.14,0.0,7.43,1.29,39.4,69.2,0.43,0.0,-0.03,0.22,33.7,18.14,12.29,4.14,0.0,0.14,0.0,0.14,1.26,74.3,100.0,3.57,5.0,4.29,0.43
José Sá,Goalkeepers,1260,2024-2025 Premier League,36.7,16.9,46.1,21.4,0.21,0.29,16.21,1.07,6.6,1.86,0.21,0.07,5.79,2.21,42.8,63.0,0.5,0.14,-0.4,0.31,24.1,28.21,15.71,3.79,0.21,0.29,0.0,0.07,1.67,58.2,25.0,2.64,4.79,4.07,0.29
José Sá,Goalkeepers,2745,"Last 365 Days Men's Big 5 Leagues, UCL, UEL",34.0,15.7,43.6,16.7,0.16,0.36,15.61,0.82,5.3,1.38,0.2,0.03,6.85,2.0,37.6,59.8,0.52,0.07,0.01,0.31,21.9,26.49,14.07,3.08,0.2,0.23,0.0,0.03,1.93,68.8,14.3,3.8,5.77,4.79,0.3
José Sá,Goalkeepers,3037,2023-2024 Premier League,33.0,12.6,42.6,12.1,0.12,0.21,15.47,1.33,8.6,0.83,0.21,0.03,7.5,1.72,33.3,56.9,0.47,0.03,0.3,0.31,20.5,24.92,12.57,2.58,0.24,0.24,0.0,0.0,1.95,73.4,0.0,3.88,5.57,5.63,0.36
José Sá,Goalkeepers,3240,2022-2023 Premier League,30.9,12.6,46.2,30.6,0.31,0.17,15.0,1.19,8.0,0.78,0.19,0.0,7.22,1.53,29.3,61.9,0.5,0.03,-0.16,0.28,27.6,25.97,12.08,3.33,0.06,0.11,0.0,0.06,1.34,67.1,50.0,2.92,4.47,5.06,0.31
José Sá,Goalkeepers,3285,2021-2022 Premier League,34.7,13.3,36.9,30.6,0.3,0.03,15.04,1.18,7.8,1.1,0.14,0.03,7.15,1.1,35.4,43.3,0.47,0.03,0.21,0.24,29.4,23.12,11.29,3.32,0.25,0.27,0.03,0.0,1.27,80.6,0.0,3.32,4.38,5.92,0.41
João Virgínia,Goalkeepers,1530,vs. Goalkeepers,37.3,13.3,48.8,23.5,0.24,0.18,16.71,0.82,4.9,0.88,0.18,0.0,9.88,1.65,40.8,58.9,0.71,0.06,0.19,0.27,38.1,29.29,17.76,6.76,0.18,0.18,0.0,0.0,1.78,75.7,0.0,4.47,6.06,5.65,0.12
Kepa Arrizabalaga,Goalkeepers,360,2023-2024 Champions League,27.1,12.1,25.2,25.0,0.25,0.25,14.5,1.0,6.9,0.5,0.0,0.0,4.75,1.25,14.6,15.8,0.0,0.0,-0.18,0.22,38.1,30.75,5.25,2.0,0.25,0.25,0.0,0.0,1.08,73.3,0.0,2.5,3.75,6.5,1.0
Kepa Arrizabalaga,Goalkeepers,540,2019-2020 Champions League,31.5,17.2,43.8,16.7,0.17,0.17,10.17,0.67,6.6,1.5,0.33,0.0,7.5,1.5,29.0,51.1,0.17,0.33,0.05,0.32,52.5,21.83,10.17,5.33,0.0,0.17,0.0,0.17,1.22,55.0,100.0,2.0,3.33,4.17,0.5
Kepa Arrizabalaga,Goalkeepers,585,2020-2021 Premier League,27.3,9.6,31.1,33.3,0.31,0.0,10.46,0.46,4.4,0.15,0.31,0.0,7.08,1.23,18.5,34.8,0.31,0.0,0.0,0.31,39.6,30.77,8.15,3.23,0.15,0.15,0.0,0.0,1.23,69.6,0.0,2.31,3.54,6.31,0.31
Kepa Arrizabalaga,Goalkeepers,810,2022-2023 Champions League,30.0,17.3,44.2,33.3,0.33,0.11,9.78,0.67,6.8,1.11,0.11,0.0,5.11,0.89,25.7,56.5,0.44,0.0,0.18,0.3,29.8,25.11,9.33,2.78,0.0,0.0,0.0,0.0,1.07,77.1,,3.0,3.89,5.56,0.44
Kepa Arrizabalaga,Goalkeepers,1198,2023-2024 La Liga,27.0,14.7,30.6,61.5,0.6,0.0,11.79,0.45,3.8,0.75,0.15,0.0,5.26,0.68,19.2,25.7,0.08,0.08,0.15,0.28,37.0,29.0,6.91,2.55,0.0,0.0,0.0,0.0,0.75,76.3,,2.25,2.85,4.28,0.75
Kepa Arrizabalaga,Goalkeepers,1200,2018-2019 Europa League,27.4,12.9,41.1,53.8,0.54,0.08,10.92,0.15,1.4,0.46,0.15,0.0,6.15,0.62,16.8,46.3,0.0,0.0,-0.04,0.3,50.5,27.46,7.46,3.77,0.0,0.0,0.0,0.0,0.58,68.0,,1.31,1.92,3.31,0.85
Kepa Arrizabalaga,Goalkeepers,1260,2024-2025 Premier League,33.3,15.9,42.4,28.6,0.29,0.07,11.86,0.64,5.4,1.71,0.21,0.0,6.86,1.29,33.2,55.2,0.29,0.0,0.16,0.29,44.3,24.5,11.93,5.29,0.07,0.07,0.0,0.0,1.44,75.0,0.0,3.57,4.86,3.71,0.5
Kepa Arrizabalaga,Goalkeepers,1468,"Last 365 Days Men's Big 5 Leagues, UCL, UEL",32.1,15.9,41.4,37.5,0.37,0.06,11.71,0.8,6.8,1.66,0.18,0.0,6.87,1.23,32.0,51.8,0.25,0.0,0.13,0.29,44.7,25.32,11.65,5.21,0.06,0.06,0.0,0.0,1.35,74.3,0.0,3.31,4.54,3.8,0.55
Kepa Arrizabalaga,Goalkeepers,2565,2022-2023 Premier League,26.3,16.9,31.5,32.1,0.32,0.14,11.65,0.53,4.5,1.82,0.32,0.04,6.39,1.16,17.1,35.7,0.42,0.11,0.18,0.29,31.9,30.32,7.47,2.39,0.04,0.04,0.0,0.0,1.23,73.3,0.0,3.16,4.21,5.3,0.28
Kepa Arrizabalaga,Goalkeepers,2700,2017-2018 La Liga,42.2,13.4,58.1,23.3,0.23,0.17,13.17,0.77,5.8,0.73,0.3,0.1,6.87,1.43,56.5,81.6,0.47,0.1,0.11,0.3,49.4,28.1,21.47,10.6,0.03,0.1,0.0,0.07,1.45,69.1,66.7,3.13,4.53,3.73,0.23
Kepa Arrizabalaga,Goalkeepers,2970,2019-2020 Premier League,28.3,16.0,32.7,24.2,0.24,0.21,10.39,0.61,5.8,1.06,0.12,0.06,6.0,1.42,20.6,33.3,0.33,0.06,-0.34,0.32,33.2,27.03,7.58,2.52,0.06,0.06,0.0,0.0,1.02,54.5,0.0,1.64,3.0,4.58,0.55
Kepa Arrizabalaga,Goalkeepers,3240,2018-2019 Premier League,25.9,18.1,36.5,38.9,0.39,0.17,10.25,0.39,3.8,0.97,0.22,0.0,7.11,1.08,15.7,34.4,0.22,0.0,-0.07,0.29,49.6,25.08,6.39,3.17,0.03,0.06,0.0,0.03,1.01,68.6,50.0,2.25,3.36,4.33,0.56
Mads Hermansen,Goalkeepers,450,2021-2022 Europa League,33.3,14.1,36.2,20.0,0.2,0.0,11.4,0.2,1.8,1.0,0.4,0.2,9.6,1.8,38.6,43.8,0.6,0.0,0.02,0.33,32.6,35.2,17.8,5.8,0.0,0.0,0.0,0.0,1.82,67.9,,3.8,5.6,7.4,0.0
Mads Hermansen,Goalkeepers,1395,2024-2025 Premier League,33.8,12.9,47.1,6.7,0.06,0.13,17.23,1.16,6.7,0.9,0.32,0.0,6.0,2.0,36.8,67.7,0.52,0.13,0.3,0.37,27.5,32.26,15.94,4.39,0.06,0.06,0.0,0.0,2.25,67.7,0.0,4.13,6.0,5.61,0.19
Mads Hermansen,Goalkeepers,1395,"Last 365 Days Men's Big 5 Leagues, UCL, UEL",33.8,12.9,47.1,6.7,0.06,0.13,17.23,1.16,6.7,0.9,0.32,0.0,6.0,2.0,36.8,67.7,0.52,0.13,0.3,0.37,27.5,32.26,15.94,4.39,0.06,0.06,0.0,0.0,2.25,67.7,0.0,4.13,6.0,5.61,0.19
Mads Hermansen,Goalkeepers,1620,Last 365 Days Men's Next 14 Competitions,27.2,19.5,32.0,22.2,0.22,0.11,8.94,0.56,6.2,1.89,0.11,0.0,2.22,1.11,20.5,32.5,0.39,0.06,0.15,0.35,30.6,43.44,9.61,2.94,0.0,0.06,0.0,0.06,1.21,66.7,100.0,2.22,3.33,5.0,0.5
Mads Hermansen,Goalkeepers,3960,2023-2024 Championship,25.9,18.8,32.8,29.5,0.3,0.18,10.48,0.66,6.3,1.75,0.09,0.02,2.39,0.93,17.8,33.3,0.25,0.02,0.13,0.3,31.2,47.18,9.18,2.86,0.0,0.02,0.0,0.02,1.04,73.4,100.0,2.57,3.5,4.82,0.66
Marcus Bettinelli,Goalkeepers,630,2018-2019 Premier League,37.3,16.0,53.9,0.0,0.0,0.14,18.43,0.14,0.8,1.57,0.29,0.0,9.57,2.86,49.4,83.6,0.57,0.0,-0.36,0.39,44.8,25.14,20.43,9.14,0.14,0.43,0.14,0.14,2.5,52.5,50.0,2.71,5.71,4.57,0.14
Marcus Bettinelli,Goalkeepers,1242,2019-2020 Championship,30.4,19.1,36.7,30.8,0.29,0.14,9.64,0.22,2.3,1.81,0.29,0.0,7.39,1.09,31.2,43.1,0.29,0.0,-0.22,0.32,33.7,29.71,12.46,4.2,0.07,0.07,0.0,0.0,0.87,61.1,0.0,1.52,2.61,3.99,0.36
Marcus Bettinelli,Goalkeepers,3690,2020-2021 Championship,52.2,16.4,63.3,31.7,0.32,0.12,9.95,0.29,2.9,0.71,0.22,0.02,6.63,1.1,82.8,95.6,0.39,0.05,-0.27,0.24,28.1,25.93,27.8,7.8,0.1,0.12,0.02,0.0,0.78,65.5,0.0,1.85,2.9,1.32,0.39
Mark Travers,Goalkeepers,450,2024-2025 Premier League,36.3,12.9,55.8,20.0,0.2,0.2,12.6,0.2,1.6,1.0,0.4,0.2,7.8,1.0,41.7,76.9,0.2,0.0,0.9,0.38,45.2,20.6,14.6,6.6,0.0,0.0,0.0,0.0,1.9,80.0,,4.0,5.0,5.8,0.4
Mark Travers,Goalkeepers,810,"Last 365 Days Men's Big 5 Leagues, UCL, UEL",38.8,13.6,55.7,33.3,0.33,0.11,13.67,0.44,3.3,0.89,0.22,0.11,7.22,1.11,48.2,78.5,0.33,0.0,0.5,0.32,37.9,21.67,16.11,6.11,0.11,0.11,0.0,0.0,1.61,79.1,0.0,3.67,4.78,4.67,0.44
Mark Travers,Goalkeepers,1035,2022-2023 Premier League,31.9,10.5,43.8,18.2,0.17,0.7,19.91,0.43,2.2,0.43,0.0,0.0,10.26,2.78,35.6,55.1,0.78,0.17,-0.52,0.34,46.1,21.74,13.39,6.17,0.17,0.17,0.0,0.0,2.09,54.5,0.0,3.13,5.74,4.7,0.17
Mark Travers,Goalkeepers,1170,2023-2024 Championship,36.7,14.1,56.1,15.4,0.15,0.23,13.38,1.0,7.5,0.92,0.08,0.08,8.77,1.38,45.0,73.7,0.54,0.0,-0.06,0.26,35.0,30.08,20.0,7.0,0.08,0.15,0.08,0.0,1.32,73.4,0.0,3.54,4.92,4.85,0.38
Mark Travers,Goalkeepers,4050,2021-2022 Championship,31.7,13.1,36.3,44.4,0.44,0.16,13.51,0.38,2.8,0.64,0.27,0.0,6.84,0.87,31.9,42.2,0.18,0.07,0.07,0.24,26.4,22.29,10.0,2.64,0.07,0.07,0.0,0.0,0.87,76.5,0.0,2.6,3.4,4.67,0.56
Martin Dúbravka,Goalkeepers,270,2021 UEFA Euro 2020,31.3,7.5,44.6,0.0,0.0,0.67,19.67,1.0,5.1,0.0,0.0,0.0,9.33,2.33,35.5,57.1,0.67,0.67,1.07,0.39,30.6,31.0,16.33,5.0,0.33,0.67,0.0,0.33,2.73,62.5,50.0,3.33,5.33,5.0,0.33
Martin Dúbravka,Goalkeepers,390,2024 UEFA Euro 2024,30.1,11.8,54.7,25.0,0.25,0.0,14.25,0.5,3.5,1.0,0.25,0.0,5.75,1.25,31.9,73.9,0.5,0.0,0.0,0.25,29.5,34.5,15.25,4.5,0.25,0.25,0.0,0.0,1.25,75.0,0.0,2.75,4.0,5.0,0.25
Martin Dúbravka,Goalkeepers,540,2024-2025 Premier League,25.8,14.3,39.5,83.3,0.83,0.0,11.0,1.17,10.6,0.67,0.0,0.0,5.17,0.17,17.6,48.4,0.0,0.0,0.38,0.22,24.4,28.33,7.5,1.83,0.0,0.0,0.0,0.0,0.55,93.3,,2.33,2.5,4.33,1.0
Martin Dúbravka,Goalkeepers,1080,2017-2018 Premier League,38.5,12.9,56.0,33.3,0.33,0.0,15.33,1.08,7.1,1.08,0.08,0.0,7.75,0.92,48.2,80.6,0.42,0.0,0.27,0.36,30.8,21.25,16.5,5.08,0.0,0.08,0.0,0.08,1.18,70.3,100.0,2.08,3.08,2.67,0.5
Martin Dúbravka,Goalkeepers,1170,2020-2021 Premier League,32.5,12.6,40.5,23.1,0.23,0.0,18.77,0.69,3.7,0.85,0.38,0.0,9.38,1.46,32.9,50.8,0.23,0.08,-0.11,0.25,42.2,24.31,12.77,5.38,0.08,0.08,0.0,0.0,1.28,71.0,0.0,3.38,4.77,5.15,0.38
Martin Dúbravka,Goalkeepers,1890,"Last 365 Days Men's Big 5 Leagues, UCL, UEL",25.2,13.7,38.9,38.1,0.38,0.19,11.95,0.95,8.0,1.05,0.19,0.0,6.48,1.19,15.1,51.5,0.14,0.0,-0.04,0.26,31.5,22.95,6.81,2.14,0.1,0.1,0.0,0.0,1.15,73.9,0.0,3.0,4.19,5.67,0.67
Martin Dúbravka,Goalkeepers,1985,2023-2024 Premier League,25.4,12.9,39.1,22.7,0.23,0.23,13.42,0.91,6.8,1.0,0.18,0.0,7.66,1.9,15.6,53.3,0.41,0.0,0.01,0.29,33.9,21.76,7.48,2.54,0.18,0.23,0.0,0.05,1.91,70.8,20.0,3.94,5.89,6.48,0.41
Martin Dúbravka,Goalkeepers,2340,2021-2022 Premier League,37.0,11.9,60.5,30.8,0.31,0.27,13.85,0.85,6.1,0.54,0.15,0.0,9.08,1.35,46.3,91.9,0.35,0.04,0.0,0.32,41.6,23.27,19.12,7.96,0.04,0.04,0.0,0.0,1.31,67.9,0.0,2.77,4.08,3.38,0.5
Martin Dúbravka,Goalkeepers,3420,2018-2019 Premier League,38.9,12.0,57.9,28.9,0.29,0.24,17.13,1.13,6.6,0.87,0.24,0.05,8.5,1.26,51.1,84.8,0.45,0.03,-0.12,0.27,35.3,22.37,18.63,6.58,0.16,0.16,0.0,0.0,1.11,70.0,0.0,2.45,3.68,3.68,0.32
Martin Dúbravka,Goalkeepers,3420,2019-2020 Premier League,42.0,11.6,58.3,28.9,0.29,0.21,18.05,0.55,3.1,0.68,0.29,0.08,8.95,1.53,60.7,86.8,0.42,0.05,0.18,0.32,38.4,19.71,19.74,7.58,0.05,0.05,0.0,0.0,1.66,71.3,0.0,3.66,5.13,3.13,0.29
Matt Turner,Goalkeepers,225,2024 Copa América,39.1,20.1,46.6,50.0,0.4,0.0,13.2,0.4,3.0,1.6,0.0,0.0,8.4,0.8,42.4,52.4,0.8,0.0,0.2,0.22,15.4,26.4,15.6,2.4,0.0,0.0,0.0,0.0,0.72,77.8,,2.8,3.6,4.4,0.4
Matt Turner,Goalkeepers,360,2022 World Cup,29.4,13.8,48.1,50.0,0.5,0.0,10.5,1.75,16.7,1.25,0.5,0.0,5.0,1.0,24.1,60.0,0.25,0.0,-0.15,0.2,34.2,27.0,9.5,3.25,0.25,0.25,0.0,0.0,0.85,75.0,0.0,2.0,3.0,6.0,0.25
Matt Turner,Goalkeepers,450,2022 Major League Soccer,31.2,12.5,37.9,20.0,0.2,0.0,12.6,0.6,4.8,0.2,0.6,0.0,5.6,1.4,23.9,42.9,0.0,0.0,-0.1,0.43,44.4,27.6,9.0,4.0,0.0,0.0,0.0,0.0,1.3,53.3,,1.6,3.0,5.4,0.4
Matt Turner,Goalkeepers,450,2022-2023 Europa League,32.6,16.6,40.2,60.0,0.6,0.2,6.4,0.4,6.3,2.6,0.2,0.0,4.6,0.6,35.0,47.8,0.0,0.0,0.36,0.31,41.0,28.6,12.2,5.0,0.2,0.2,0.0,0.0,0.96,85.7,0.0,2.2,2.8,4.4,0.8
Matt Turner,Goalkeepers,1530,2023-2024 Premier League,35.7,13.3,47.0,11.8,0.12,0.24,17.41,1.76,10.1,1.06,0.29,0.06,8.0,1.65,42.7,69.1,0.47,0.0,-0.35,0.26,45.0,25.65,16.47,7.41,0.12,0.12,0.0,0.0,1.3,67.5,0.0,3.06,4.71,5.82,0.24
Matt Turner,Goalkeepers,1765,2019 Major League Soccer,38.3,13.5,51.4,26.3,0.26,0.26,12.95,0.41,3.1,0.66,0.41,0.0,8.67,1.38,46.0,65.9,0.2,0.0,0.43,0.32,36.3,18.71,14.33,5.2,0.05,0.05,0.0,0.0,1.83,76.8,0.0,4.44,5.81,5.3,0.41
Matt Turner,Goalkeepers,1980,2020 Major League Soccer,36.1,15.4,47.5,27.3,0.27,0.36,10.82,0.55,5.0,1.0,0.32,0.0,6.73,1.09,38.3,57.4,0.32,0.09,0.37,0.33,37.2,25.05,13.45,5.0,0.05,0.05,0.0,0.0,1.37,74.4,0.0,3.09,4.09,5.14,0.36
Matt Turner,Goalkeepers,2430,2018 Major League Soccer,35.0,15.7,47.0,18.5,0.19,0.19,12.0,0.52,4.3,1.33,0.33,0.0,7.33,1.56,35.7,57.6,0.37,0.07,0.16,0.34,42.3,21.81,12.0,5.07,0.11,0.15,0.0,0.04,1.64,68.3,25.0,3.04,4.56,6.0,0.3
Matt Turner,Goalkeepers,2520,2021 Major League Soccer,36.8,14.4,47.5,17.9,0.18,0.18,13.86,1.0,7.2,0.89,0.25,0.0,7.82,1.25,39.3,59.8,0.14,0.04,0.25,0.28,40.2,20.64,12.79,5.14,0.07,0.14,0.0,0.07,1.46,75.6,50.0,3.54,4.82,5.93,0.61
Matz Sels,Goalkeepers,270,2017-2018 Champions League,45.5,14.7,56.4,0.0,0.0,0.0,12.0,0.0,0.0,1.0,0.0,0.33,12.33,3.0,71.4,83.8,1.0,0.0,-0.57,0.29,40.8,21.0,25.33,10.33,0.33,0.33,0.0,0.0,2.43,63.6,0.0,4.33,7.33,2.67,0.0
Matz Sels,Goalkeepers,540,2020-2021 Ligue 1,40.1,7.7,54.9,0.0,0.0,0.5,14.17,0.67,4.7,0.33,0.33,0.17,8.33,2.17,51.6,74.0,0.5,0.0,-0.63,0.29,37.6,20.67,16.83,6.33,0.33,0.33,0.0,0.0,1.53,57.7,0.0,2.17,4.33,4.17,0.17
Matz Sels,Goalkeepers,1440,2023-2024 Premier League,36.6,9.4,41.4,6.3,0.06,0.56,13.88,0.69,5.0,0.25,0.25,0.0,5.81,1.69,45.9,52.7,0.5,0.13,-0.49,0.27,41.9,17.69,11.19,4.69,0.06,0.06,0.0,0.0,1.07,57.4,0.0,2.25,3.81,3.19,0.25
Matz Sels,Goalkeepers,1710,2023-2024 Ligue 1,34.5,13.9,33.7,15.8,0.16,0.11,13.53,0.32,2.3,1.0,0.37,0.0,5.95,1.26,37.4,32.7,0.32,0.11,-0.11,0.31,38.9,26.58,11.89,4.63,0.05,0.05,0.0,0.0,1.05,62.9,0.0,2.11,3.26,3.58,0.32
Matz Sels,Goalkeepers,1890,2024-2025 Premier League,45.5,7.4,55.7,42.9,0.43,0.1,18.0,0.67,3.7,0.19,0.24,0.05,7.24,0.95,70.3,80.9,0.19,0.0,0.1,0.26,36.8,18.76,19.05,7.0,0.05,0.05,0.0,0.0,1.06,77.1,0.0,3.0,3.95,2.0,0.57
Matz Sels,Goalkeepers,2430,2019-2020 Ligue 1,39.6,11.0,51.3,29.6,0.3,0.11,12.41,0.63,5.1,0.33,0.19,0.0,7.44,1.19,49.3,68.2,0.41,0.0,0.05,0.26,43.4,24.11,16.96,7.37,0.22,0.26,0.0,0.04,1.24,75.0,14.3,2.63,3.85,4.11,0.41
Matz Sels,Goalkeepers,2880,2017-2018 Belgian First Division A,39.7,13.6,53.5,28.1,0.28,0.22,15.06,0.53,3.5,0.88,0.22,0.0,7.19,1.38,46.9,71.3,0.34,0.09,0.16,0.29,42.4,21.31,15.13,6.41,0.09,0.19,0.0,0.09,1.44,70.9,50.0,3.03,4.41,4.88,0.44
Matz Sels,Goalkeepers,3330,2018-2019 Ligue 1,39.3,12.3,55.1,21.6,0.22,0.11,15.3,0.7,4.6,0.81,0.43,0.08,8.84,1.3,48.3,78.0,0.3,0.03,-0.05,0.25,39.4,22.03,17.54,6.92,0.19,0.24,0.0,0.05,1.22,72.3,22.2,2.68,4.0,5.03,0.27
Matz Sels,Goalkeepers,3330,2021-2022 Ligue 1,34.3,13.7,40.6,35.1,0.35,0.14,12.86,0.35,2.7,1.05,0.32,0.0,6.46,1.16,39.1,50.2,0.24,0.03,-0.19,0.24,40.9,19.41,10.84,4.43,0.11,0.11,0.0,0.0,0.95,70.0,0.0,2.38,3.51,3.92,0.43
Matz Sels,Goalkeepers,3420,2022-2023 Ligue 1,36.9,12.8,43.9,15.8,0.16,0.16,13.26,0.82,6.2,0.84,0.34,0.03,5.16,1.55,44.8,55.1,0.42,0.0,-0.07,0.27,34.9,20.39,11.97,4.18,0.26,0.29,0.03,0.0,1.49,71.8,0.0,3.03,4.58,3.42,0.24
Matz Sels,Goalkeepers,3420,"Last 365 Days Men's Big 5 Leagues, UCL, UEL",41.2,8.7,50.0,26.3,0.26,0.29,16.21,0.68,4.2,0.29,0.26,0.03,6.58,1.26,58.7,69.6,0.32,0.05,-0.12,0.27,38.2,18.68,15.55,5.95,0.05,0.05,0.0,0.0,1.09,69.1,0.0,2.71,3.92,2.61,0.42
Neto,Goalkeepers,270,2020-2021 Champions League,23.3,20.7,33.0,66.7,0.67,0.0,8.67,0.0,0.0,1.33,0.0,0.0,7.33,0.33,14.3,31.8,0.0,0.0,0.27,0.2,29.4,23.33,5.67,1.67,0.33,0.33,0.0,0.0,0.6,100.0,0.0,1.0,1.33,4.67,1.0
Neto,Goalkeepers,450,2018-2019 Champions League,38.7,11.4,48.2,20.0,0.2,0.0,18.6,1.0,5.4,0.4,0.4,0.0,8.2,1.0,52.1,63.4,0.4,0.0,0.38,0.17,42.2,14.6,12.8,5.4,0.6,0.6,0.0,0.0,1.38,91.7,0.0,3.8,4.8,5.0,0.2
Neto,Goalkeepers,630,2020-2021 La Liga,24.8,13.9,23.0,42.9,0.43,0.14,12.29,0.29,2.3,1.14,0.29,0.0,7.43,0.86,15.3,13.5,0.29,0.0,0.2,0.23,38.9,27.0,5.14,2.0,0.29,0.29,0.0,0.0,1.06,83.3,0.0,2.57,3.43,5.29,0.43
Neto,Goalkeepers,720,2018-2019 Europa League,33.8,15.0,57.5,37.5,0.38,0.0,12.88,0.38,2.9,0.5,0.13,0.0,8.88,1.25,35.0,87.3,0.25,0.0,-0.19,0.25,34.0,14.63,12.88,4.38,0.13,0.13,0.0,0.0,1.06,71.0,0.0,2.63,3.88,4.25,0.63
Neto,Goalkeepers,1530,"Last 365 Days Men's Big 5 Leagues, UCL, UEL",37.2,14.4,45.2,11.8,0.12,0.06,13.29,0.71,5.3,1.12,0.41,0.0,6.88,1.71,44.5,59.8,0.35,0.0,0.19,0.33,35.3,25.88,15.65,5.53,0.18,0.18,0.0,0.0,1.9,71.4,0.0,3.65,5.35,4.94,0.24
Neto,Goalkeepers,2385,2022-2023 Premier League,37.8,12.1,44.6,23.1,0.23,0.3,19.25,1.32,6.9,0.94,0.23,0.0,8.72,1.47,47.4,65.8,0.45,0.04,0.06,0.26,36.6,22.68,16.49,6.04,0.15,0.19,0.04,0.0,1.5,74.6,0.0,3.77,5.21,5.13,0.34
Neto,Goalkeepers,2880,2023-2024 Premier League,36.9,13.7,44.2,21.9,0.22,0.09,12.91,0.81,6.3,1.06,0.28,0.03,6.97,1.72,44.1,57.0,0.41,0.03,0.04,0.31,34.8,26.03,15.44,5.38,0.16,0.19,0.0,0.03,1.73,69.7,16.7,3.44,5.16,4.81,0.31
Neto,Goalkeepers,2970,2017-2018 La Liga,39.7,9.6,56.6,30.3,0.3,0.12,16.39,0.64,3.9,0.21,0.21,0.03,8.39,1.0,49.7,79.1,0.24,0.0,0.32,0.28,34.8,16.39,14.79,5.15,0.09,0.15,0.0,0.06,1.32,79.0,40.0,3.27,4.33,4.55,0.55
Neto,Goalkeepers,3060,2018-2019 La Liga,39.4,12.5,57.4,29.4,0.29,0.15,16.53,0.29,1.8,0.47,0.41,0.06,8.09,1.0,47.6,82.2,0.21,0.06,0.23,0.24,32.5,16.88,14.68,4.76,0.21,0.24,0.0,0.03,1.17,80.6,12.5,3.12,4.09,4.65,0.38
Nick Pope,Goalkeepers,450,2023-2024 Champions League,32.4,12.7,52.1,20.0,0.2,0.0,14.6,1.2,8.2,1.2,0.4,0.0,9.0,1.0,32.1,73.3,0.4,0.0,0.94,0.3,36.7,16.8,12.0,4.4,0.2,0.2,0.0,0.0,1.94,86.7,0.0,5.0,6.0,5.6,0.2
Nick Pope,Goalkeepers,1345,2023-2024 Premier League,28.6,19.0,43.8,35.7,0.33,0.13,9.57,0.6,6.3,1.87,0.13,0.07,6.36,1.07,21.1,56.8,0.27,0.0,0.04,0.3,34.7,20.34,7.9,2.74,0.0,0.0,0.0,0.0,1.12,71.9,,2.81,3.88,5.89,0.6
Nick Pope,Goalkeepers,1350,2024-2025 Premier League,31.7,14.9,42.8,20.0,0.2,0.07,14.53,1.4,9.6,2.07,0.33,0.0,7.47,1.4,28.6,52.7,0.33,0.07,0.11,0.3,24.8,21.93,10.2,2.53,0.0,0.0,0.0,0.0,1.44,71.2,,3.53,4.87,6.67,0.33
Nick Pope,Goalkeepers,1440,"Last 365 Days Men's Big 5 Leagues, UCL, UEL",32.1,14.5,43.9,18.8,0.19,0.06,14.56,1.5,10.3,1.94,0.31,0.0,7.63,1.44,29.9,54.1,0.31,0.06,0.08,0.3,25.7,21.94,10.69,2.75,0.0,0.0,0.0,0.0,1.46,70.5,,3.5,4.88,6.44,0.38
Nick Pope,Goalkeepers,2880,2020-2021 Premier League,46.3,18.1,58.9,34.4,0.34,0.13,16.34,1.0,6.1,2.28,0.28,0.0,7.84,1.16,67.1,84.9,0.41,0.03,0.13,0.25,36.3,22.63,21.84,7.94,0.09,0.09,0.0,0.0,1.26,77.2,0.0,3.53,4.66,4.25,0.31
Nick Pope,Goalkeepers,3115,2017-2018 Premier League,52.1,12.5,66.7,35.3,0.35,0.09,17.34,1.65,9.5,1.1,0.32,0.0,8.58,1.01,77.8,94.6,0.32,0.03,0.25,0.27,35.2,26.58,28.81,10.14,0.09,0.14,0.03,0.03,1.23,78.4,25.0,3.26,4.28,3.41,0.35
Nick Pope,Goalkeepers,3240,2021-2022 Premier League,46.2,17.4,61.2,25.0,0.25,0.17,16.81,1.28,7.6,2.22,0.39,0.03,7.86,1.31,69.2,91.2,0.42,0.03,-0.05,0.25,39.5,22.03,22.42,8.86,0.14,0.14,0.0,0.0,1.23,74.5,0.0,3.31,4.58,4.08,0.19
Nick Pope,Goalkeepers,3261,2022-2023 Premier League,33.0,18.2,50.7,38.9,0.39,0.22,11.34,0.94,8.3,2.04,0.36,0.0,5.71,0.88,33.1,68.6,0.14,0.03,0.02,0.24,32.6,18.77,10.16,3.31,0.06,0.14,0.03,0.06,0.86,74.6,50.0,2.35,3.26,6.4,0.52
Nick Pope,Goalkeepers,3420,2019-2020 Premier League,47.1,14.9,63.7,39.5,0.39,0.18,16.39,1.37,8.3,1.26,0.24,0.0,8.0,1.32,67.6,89.8,0.37,0.03,-0.09,0.25,30.2,23.24,22.89,6.92,0.11,0.13,0.0,0.03,1.2,72.5,20.0,3.08,4.39,4.74,0.39
Odisseas Vlachodimos,Goalkeepers,180,2019-2020 Europa League,32.4,4.5,27.8,0.0,0.0,0.5,6.0,0.0,0.0,0.0,0.5,0.0,6.0,2.5,32.4,16.7,0.5,0.5,0.05,0.25,50.0,18.5,7.0,3.5,0.0,0.0,0.0,0.0,2.05,68.8,,6.0,8.0,4.0,0.0
Odisseas Vlachodimos,Goalkeepers,360,2020-2021 Europa League,30.2,18.8,38.3,50.0,0.5,0.0,11.5,0.75,6.5,2.0,0.25,0.0,7.0,1.25,21.0,35.7,0.0,0.25,-0.13,0.24,22.2,20.25,6.75,1.5,0.0,0.0,0.0,0.0,0.88,66.7,,2.75,3.75,6.75,0.75
Odisseas Vlachodimos,Goalkeepers,450,2023-2024 Premier League,29.6,10.3,44.3,20.0,0.2,0.4,18.4,0.6,3.3,0.4,0.0,0.0,8.8,2.4,25.4,61.4,0.8,0.0,-0.82,0.31,46.7,26.0,12.0,5.6,0.2,0.2,0.0,0.0,1.58,50.0,0.0,2.0,4.4,4.2,0.2
Odisseas Vlachodimos,Goalkeepers,540,2018-2019 Champions League,38.2,18.4,42.2,16.7,0.17,0.5,7.83,0.17,2.1,1.17,0.17,0.0,5.33,1.83,50.3,56.3,0.5,0.0,0.42,0.4,43.6,25.17,15.67,6.83,0.0,0.0,0.0,0.0,2.25,68.6,,4.0,5.83,3.17,0.33
Odisseas Vlachodimos,Goalkeepers,540,2019-2020 Champions League,28.6,14.7,34.4,16.7,0.17,0.17,15.5,0.33,2.2,1.67,0.17,0.0,9.5,1.83,22.3,31.6,0.5,0.17,-0.07,0.31,34.0,21.67,7.83,2.67,0.17,0.17,0.0,0.0,1.6,64.3,0.0,3.0,4.67,5.83,0.33
Odisseas Vlachodimos,Goalkeepers,570,2018-2019 Europa League,36.2,10.0,45.4,33.3,0.33,0.17,13.0,0.33,2.6,0.33,0.17,0.0,9.33,1.0,37.7,57.1,0.33,0.0,-0.03,0.26,39.5,21.67,13.5,5.33,0.17,0.17,0.0,0.0,0.97,73.7,0.0,2.17,3.17,5.83,0.5
Odisseas Vlachodimos,Goalkeepers,900,2021-2022 Champions League,36.8,13.6,39.9,50.0,0.5,0.2,15.2,0.4,2.6,0.5,0.4,0.1,9.2,1.7,41.9,45.7,0.3,0.1,0.38,0.37,35.3,26.5,15.3,5.4,0.0,0.1,0.0,0.1,1.98,67.3,100.0,3.5,5.2,5.0,0.3
Odisseas Vlachodimos,Goalkeepers,900,2022-2023 Champions League,33.5,14.8,36.7,20.0,0.2,0.1,14.0,0.6,4.3,1.1,0.3,0.0,6.4,1.3,33.7,40.6,0.1,0.0,-0.09,0.32,30.1,19.9,9.3,2.8,0.3,0.3,0.0,0.0,1.21,67.7,0.0,1.8,3.1,4.2,0.6
Odisseas Vlachodimos,Goalkeepers,1620,2020-2021 Primeira Liga,30.2,15.6,32.8,38.9,0.39,0.22,9.17,0.39,4.2,1.11,0.17,0.0,5.56,0.89,25.9,29.0,0.17,0.06,0.18,0.26,38.3,22.33,7.39,2.83,0.06,0.11,0.0,0.06,1.02,76.6,50.0,2.67,3.56,5.83,0.67
Odisseas Vlachodimos,Goalkeepers,2837,2021-2022 Primeira Liga,27.9,14.2,29.3,31.3,0.31,0.19,11.13,0.34,3.1,0.88,0.16,0.03,6.47,0.94,19.2,20.8,0.19,0.03,0.12,0.31,35.9,24.69,6.09,2.19,0.03,0.06,0.0,0.03,1.03,72.1,50.0,2.31,3.25,5.38,0.66
Odisseas Vlachodimos,Goalkeepers,2970,2019-2020 Primeira Liga,30.7,17.2,36.6,48.5,0.48,0.12,11.85,0.21,1.8,1.58,0.15,0.0,6.45,0.79,26.0,36.6,0.15,0.06,0.2,0.28,35.3,22.97,8.33,2.94,0.09,0.09,0.0,0.0,0.93,77.0,0.0,2.3,3.03,4.58,0.7
Odisseas Vlachodimos,Goalkeepers,3054,2018-2019 Primeira Liga,34.2,14.1,44.9,45.5,0.44,0.06,10.76,0.24,2.2,0.83,0.09,0.06,6.28,0.88,34.5,55.9,0.09,0.09,0.28,0.28,42.7,20.42,10.55,4.51,0.12,0.15,0.0,0.03,1.09,77.8,20.0,2.62,3.45,4.51,0.83
Odisseas Vlachodimos,Goalkeepers,3057,2022-2023 Primeira Liga,28.1,14.9,30.4,60.6,0.59,0.06,9.6,0.59,6.1,0.85,0.09,0.0,5.09,0.59,22.3,25.4,0.09,0.03,0.0,0.26,40.9,18.78,5.48,2.24,0.06,0.06,0.0,0.0,0.6,73.5,0.0,1.56,2.12,4.24,0.82
Remi Matthews,Goalkeepers,1620,vs. Goalkeepers,50.7,13.8,68.5,11.1,0.11,0.11,16.22,0.33,2.1,1.0,0.06,0.0,8.44,1.89,77.9,98.7,0.72,0.0,-0.09,0.28,43.5,23.11,26.33,11.44,0.11,0.22,0.0,0.11,1.8,69.2,50.0,3.78,5.78,2.17,0.22
Robert Sánchez,Goalkeepers,1433,2023-2024 Premier League,28.1,15.8,33.7,20.0,0.19,0.19,12.69,1.19,9.4,1.7,0.25,0.0,5.72,1.57,21.3,40.7,0.44,0.0,-0.07,0.28,41.5,32.41,9.23,3.83,0.13,0.19,0.0,0.06,1.52,70.5,33.3,3.27,4.9,5.46,0.31
Robert Sánchez,Goalkeepers,1710,2024-2025 Premier League,31.1,15.4,36.7,21.1,0.21,0.05,10.05,1.42,14.1,2.21,0.37,0.0,2.42,1.21,28.8,41.3,0.16,0.0,0.08,0.24,23.6,37.68,11.84,2.79,0.21,0.26,0.0,0.05,1.29,78.2,20.0,3.32,4.58,6.11,0.47
Robert Sánchez,Goalkeepers,1710,"Last 365 Days Men's Big 5 Leagues, UCL, UEL",31.1,15.4,36.7,21.1,0.21,0.05,10.05,1.42,14.1,2.21,0.37,0.0,2.42,1.21,28.8,41.3,0.16,0.0,0.08,0.24,23.6,37.68,11.84,2.79,0.21,0.26,0.0,0.05,1.29,78.2,20.0,3.32,4.58,6.11,0.47
Robert Sánchez,Goalkeepers,2070,2022-2023 Premier League,28.9,12.3,35.1,26.1,0.26,0.17,9.96,0.74,7.4,0.57,0.22,0.0,5.7,1.3,24.2,37.4,0.3,0.13,-0.12,0.25,29.3,28.04,8.91,2.61,0.22,0.26,0.0,0.04,1.05,66.2,16.7,2.0,3.22,4.48,0.48
Robert Sánchez,Goalkeepers,2430,2020-2021 Premier League,33.6,14.5,41.1,37.0,0.37,0.19,12.59,0.81,6.5,1.07,0.37,0.0,6.56,1.0,34.7,50.8,0.37,0.04,-0.1,0.24,36.7,34.26,15.22,5.59,0.07,0.11,0.04,0.0,0.86,72.5,0.0,2.41,3.37,4.37,0.26
Robert Sánchez,Goalkeepers,3329,2021-2022 Premier League,33.0,12.9,48.9,30.6,0.3,0.14,13.98,1.62,11.6,0.97,0.41,0.03,6.33,1.14,31.9,64.5,0.27,0.0,-0.01,0.28,28.2,34.74,15.17,4.27,0.08,0.11,0.03,0.0,1.11,72.3,0.0,2.68,3.81,5.03,0.32
Robin Olsen,Goalkeepers,180,2023-2024 Europa Conference League,25.2,12.7,30.1,0.0,0.0,0.0,7.0,0.0,0.0,0.0,0.0,0.0,6.5,2.5,15.5,15.4,0.5,0.0,-1.05,0.24,46.7,42.0,7.5,3.5,0.5,0.5,0.0,0.0,1.45,50.0,0.0,1.5,4.0,6.0,0.5
Robin Olsen,Goalkeepers,390,2021 UEFA Euro 2020,43.5,15.8,60.2,50.0,0.5,0.0,21.5,0.25,1.2,1.25,0.25,0.0,9.5,1.0,53.1,84.2,0.25,0.0,0.28,0.34,18.7,20.25,18.75,3.5,0.0,0.0,0.0,0.0,1.28,73.3,,2.75,3.75,2.5,0.5
Robin Olsen,Goalkeepers,450,2018 World Cup,47.3,12.6,63.2,60.0,0.6,0.2,22.8,0.4,1.8,0.4,0.0,0.2,10.2,0.8,63.2,84.3,0.4,0.0,-0.2,0.21,33.0,19.0,20.6,6.8,0.0,0.0,0.0,0.0,0.6,73.3,,2.2,3.0,2.8,0.6
Robin Olsen,Goalkeepers,540,2017-2018 Europa League,38.8,14.1,61.9,66.7,0.67,0.33,9.0,0.5,5.6,1.0,0.33,0.0,6.83,1.0,46.4,82.9,0.33,0.0,-0.2,0.21,45.9,23.0,16.33,7.5,0.0,0.17,0.17,0.0,0.8,73.9,,2.83,3.83,4.67,0.33
Robin Olsen,Goalkeepers,570,2018-2019 Champions League,33.9,11.7,48.6,33.3,0.33,0.17,14.83,0.67,4.5,0.5,0.0,0.17,9.33,1.5,34.5,62.5,0.5,0.0,0.52,0.29,33.7,27.5,15.33,5.17,0.17,0.17,0.0,0.0,2.02,78.9,0.0,4.83,6.33,7.5,0.5
Robin Olsen,Goalkeepers,630,2020-2021 Premier League,35.6,12.3,42.9,28.6,0.29,0.0,12.57,0.57,4.5,0.57,0.43,0.0,7.29,1.29,42.6,58.8,0.29,0.0,0.07,0.29,38.7,21.14,13.29,5.14,0.14,0.14,0.0,0.0,1.36,73.3,0.0,3.0,4.29,3.29,0.29
Robin Olsen,Goalkeepers,990,2021-2022 Championship,32.9,15.0,41.4,9.1,0.09,0.0,11.09,0.36,3.3,0.91,0.18,0.0,7.18,1.55,31.2,46.8,0.45,0.0,-0.39,0.27,27.5,27.36,11.91,3.27,0.09,0.09,0.0,0.0,1.15,63.6,0.0,2.45,4.0,6.36,0.36
Robin Olsen,Goalkeepers,1524,2019-2020 Serie A,40.2,10.1,42.4,25.0,0.24,0.06,17.3,0.47,2.7,0.3,0.3,0.0,9.39,1.42,49.7,52.2,0.24,0.12,0.04,0.22,35.4,19.37,14.53,5.14,0.24,0.18,0.0,0.0,1.37,77.5,0.0,3.96,5.26,3.66,0.47
Robin Olsen,Goalkeepers,2430,2018-2019 Serie A,33.4,14.5,45.1,14.8,0.15,0.19,15.3,0.37,2.4,0.93,0.3,0.0,7.93,1.56,32.8,51.4,0.26,0.04,-0.15,0.26,43.8,24.15,12.0,5.26,0.15,0.22,0.07,0.0,1.37,69.8,0.0,3.15,4.67,5.89,0.44
Sam Johnstone,Goalkeepers,630,2024-2025 Premier League,36.6,13.4,43.2,0.0,0.0,0.71,14.86,1.14,7.7,1.57,0.14,0.0,3.57,2.43,45.6,56.0,0.86,0.14,-0.43,0.29,40.3,36.0,18.43,7.43,0.29,0.29,0.0,0.0,1.86,61.5,0.0,3.29,5.57,4.0,0.0
Sam Johnstone,Goalkeepers,810,2022-2023 Premier League,31.8,15.4,42.8,33.3,0.33,0.44,11.56,0.22,1.9,1.22,0.33,0.0,5.11,1.11,31.8,54.3,0.22,0.11,0.11,0.24,30.3,25.89,11.0,3.33,0.22,0.22,0.0,0.0,1.11,76.5,0.0,2.78,3.78,4.56,0.44
Sam Johnstone,Goalkeepers,990,"Last 365 Days Men's Big 5 Leagues, UCL, UEL",40.2,13.3,52.5,9.1,0.09,0.55,16.27,1.0,6.1,1.27,0.27,0.0,5.18,2.0,54.0,73.7,0.64,0.09,-0.42,0.29,34.2,31.82,21.0,7.18,0.18,0.18,0.0,0.0,1.49,60.8,0.0,2.73,4.64,3.27,0.09
Sam Johnstone,Goalkeepers,1796,2023-2024 Premier League,41.2,11.2,52.8,31.6,0.3,0.2,16.99,1.2,7.1,0.6,0.3,0.0,7.07,1.35,55.0,75.2,0.45,0.05,-0.26,0.27,33.0,22.7,17.79,5.86,0.1,0.1,0.0,0.0,1.0,62.7,0.0,2.05,3.36,3.16,0.25
Sam Johnstone,Goalkeepers,3239,2021-2022 Championship,43.4,22.4,51.2,42.9,0.42,0.08,10.39,0.31,2.9,3.61,0.31,0.0,6.61,0.92,58.1,68.1,0.31,0.03,-0.01,0.32,39.5,30.68,22.31,8.81,0.06,0.08,0.0,0.03,0.86,64.8,33.3,1.53,2.45,4.42,0.39
Sam Johnstone,Goalkeepers,3330,2020-2021 Premier League,45.0,14.0,56.8,16.2,0.16,0.19,17.43,0.54,3.1,1.03,0.3,0.05,8.0,2.0,63.8,86.1,0.59,0.08,-0.1,0.26,33.0,26.86,24.03,7.92,0.19,0.3,0.08,0.03,1.82,71.4,12.5,4.38,6.32,4.92,0.11
Sam Johnstone,Goalkeepers,4140,2018-2019 Championship,37.2,16.7,48.9,19.6,0.2,0.17,15.3,0.43,2.8,1.54,0.24,0.02,8.65,1.35,41.4,61.6,0.26,0.04,0.02,0.28,38.6,27.59,16.74,6.46,0.04,0.15,0.07,0.04,1.33,71.0,50.0,3.15,4.5,4.35,0.5
Sam Johnstone,Goalkeepers,4140,2019-2020 Championship,40.4,16.5,44.1,30.4,0.3,0.24,12.48,0.22,1.7,1.26,0.37,0.02,7.41,0.98,51.9,56.9,0.15,0.09,0.07,0.27,38.0,24.61,16.98,6.46,0.09,0.11,0.0,0.02,0.96,73.0,20.0,2.39,3.3,3.8,0.48
Scott Carson,Goalkeepers,2700,vs. Goalkeepers,36.0,12.6,52.8,16.7,0.17,0.13,14.03,0.33,2.4,0.67,0.27,0.03,9.57,1.33,39.8,70.0,0.3,0.07,-0.28,0.27,34.6,28.13,17.9,6.2,0.03,0.03,0.0,0.0,0.98,63.9,0.0,2.33,3.6,4.43,0.43
Stefan Ortega,Goalkeepers,180,2022-2023 Champions League,21.3,23.1,26.9,50.0,0.5,0.5,2.5,0.5,20.0,2.5,0.5,0.0,5.0,0.5,9.5,10.0,0.0,0.0,0.05,0.18,60.0,21.0,2.5,1.5,0.0,0.0,0.0,0.0,0.55,83.3,,2.5,3.0,3.0,0.5
Stefan Ortega,Goalkeepers,180,2024-2025 Champions League,23.2,18.2,27.2,100.0,1.0,0.0,4.5,0.5,11.1,1.0,0.0,0.0,2.5,0.0,7.3,0.0,0.0,0.0,0.05,0.09,0.0,20.5,1.5,0.0,0.0,0.0,0.0,0.0,0.05,100.0,,0.5,0.5,1.5,1.0
Stefan Ortega,Goalkeepers,270,2023-2024 Champions League,25.8,19.9,49.8,0.0,0.0,0.33,6.0,0.0,0.0,2.67,0.33,0.0,4.33,2.33,18.9,61.5,0.0,0.33,-0.53,0.31,44.7,53.0,12.67,5.67,0.0,0.0,0.0,0.0,1.47,50.0,,2.67,4.67,6.0,0.67
Stefan Ortega,Goalkeepers,635,2023-2024 Premier League,27.9,16.8,34.4,60.0,0.43,0.14,9.21,0.85,9.2,1.84,0.14,0.0,2.69,0.99,24.7,36.8,0.0,0.0,0.28,0.33,41.2,35.01,9.64,3.97,0.0,0.0,0.0,0.0,1.28,74.1,,2.83,3.83,3.4,0.57
Stefan Ortega,Goalkeepers,720,2024-2025 Premier League,24.8,17.2,25.4,25.0,0.25,0.13,10.75,0.25,2.3,1.13,0.38,0.0,5.25,1.25,17.8,28.6,0.25,0.0,0.05,0.31,50.0,32.25,7.25,3.63,0.13,0.13,0.0,0.0,1.3,73.5,0.0,3.0,4.25,4.25,0.38
Stefan Ortega,Goalkeepers,1452,"Last 365 Days Men's Big 5 Leagues, UCL, UEL",25.7,16.5,31.4,46.7,0.43,0.12,9.3,0.5,5.3,1.24,0.31,0.0,4.59,1.05,19.4,33.8,0.12,0.06,0.11,0.3,45.9,30.93,7.56,3.47,0.06,0.06,0.0,0.0,1.1,72.9,0.0,2.67,3.66,3.84,0.5
Stefan Ortega,Goalkeepers,2790,2018-2019 2. Bundesliga,38.2,14.3,53.7,22.6,0.23,0.23,12.06,0.77,6.4,1.13,0.29,0.06,6.87,1.48,44.3,73.2,0.29,0.0,-0.08,0.31,49.0,49.1,26.81,13.13,0.1,0.1,0.0,0.0,1.41,68.1,0.0,2.87,4.35,3.9,0.42
Stefan Ortega,Goalkeepers,2970,2021-2022 Bundesliga,39.2,18.6,46.9,18.2,0.18,0.18,16.0,0.33,2.1,1.39,0.39,0.03,9.61,1.61,49.6,58.0,0.48,0.06,0.15,0.28,45.7,43.88,27.33,12.48,0.21,0.21,0.0,0.0,1.69,73.9,0.0,3.79,5.33,2.76,0.12
Stefan Ortega,Goalkeepers,3060,2017-2018 2. Bundesliga,40.1,14.9,56.5,32.4,0.32,0.15,14.41,1.88,13.1,2.06,0.35,0.03,7.53,1.38,52.3,81.3,0.29,0.03,0.04,0.28,43.8,41.15,27.65,12.12,0.06,0.06,0.0,0.0,1.39,72.2,0.0,3.41,4.76,4.24,0.35
Stefan Ortega,Goalkeepers,3060,2019-2020 2. Bundesliga,33.7,16.9,44.1,41.2,0.41,0.15,13.5,0.56,4.1,1.24,0.41,0.0,7.62,0.88,33.6,56.4,0.06,0.0,0.23,0.26,46.5,63.26,25.53,11.88,0.09,0.12,0.0,0.03,1.11,79.2,25.0,2.91,3.82,3.79,0.53
Stefan Ortega,Goalkeepers,3060,2020-2021 Bundesliga,38.6,16.8,49.1,32.4,0.32,0.15,15.44,0.5,3.2,1.29,0.24,0.0,7.35,1.53,45.9,63.2,0.5,0.03,0.09,0.29,46.5,49.94,27.59,12.82,0.15,0.18,0.0,0.03,1.59,72.4,16.7,3.47,5.0,3.56,0.26
Steven Benda,Goalkeepers,1260,2021-2022 Championship,36.9,12.8,45.7,21.4,0.21,0.21,16.71,1.29,7.7,1.0,0.21,0.07,9.36,1.86,46.0,58.8,0.71,0.07,-0.07,0.31,31.3,30.29,19.43,6.07,0.14,0.14,0.0,0.0,1.71,67.6,0.0,3.5,5.29,4.43,0.07
Steven Benda,Goalkeepers,1860,2022-2023 Championship,31.1,15.6,34.0,25.0,0.24,0.29,11.85,1.02,8.6,1.35,0.29,0.05,5.61,1.31,29.7,35.3,0.29,0.0,-0.23,0.31,26.3,25.6,9.58,2.52,0.0,0.1,0.05,0.05,1.05,60.9,100.0,1.98,3.34,5.47,0.44
Tom Heaton,Goalkeepers,1710,2018-2019 Premier League,48.2,16.4,60.7,21.1,0.21,0.11,17.53,0.42,2.4,1.53,0.21,0.05,9.05,1.42,73.4,89.0,0.37,0.16,-0.11,0.26,39.2,21.79,24.05,9.42,0.05,0.05,0.0,0.0,1.16,68.7,0.0,3.11,4.37,2.37,0.42
Tom Heaton,Goalkeepers,1794,2019-2020 Premier League,39.5,12.1,50.5,21.1,0.2,0.35,19.01,0.55,2.9,0.65,0.15,0.05,9.78,1.76,52.4,67.7,0.55,0.05,-0.27,0.26,31.3,21.62,17.96,5.62,0.15,0.15,0.0,0.0,1.42,68.6,0.0,3.41,5.12,4.97,0.3
Vitezslav Jaros,Goalkeepers,360,vs. Goalkeepers,33.5,13.4,45.4,25.0,0.25,0.25,13.0,0.75,5.8,1.0,0.25,0.0,5.5,1.25,37.2,59.1,0.25,0.0,0.48,0.34,25.0,23.5,12.0,3.0,0.0,0.0,0.0,0.0,1.73,76.2,,4.0,5.25,6.25,0.5
Wes Foderingham,Goalkeepers,849,"Last 365 Days Men's Big 5 Leagues, UCL, UEL",41.2,14.6,51.4,0.0,0.0,0.21,15.69,1.38,8.8,1.8,0.11,0.0,9.75,3.18,55.4,70.7,0.74,0.21,-0.45,0.3,28.1,26.4,21.52,6.04,0.42,0.42,0.0,0.0,2.52,62.3,0.0,4.35,7.31,2.54,0.11
Wes Foderingham,Goalkeepers,2649,2023-2024 Premier League,40.2,14.7,52.1,3.4,0.03,0.27,15.9,0.95,6.0,1.43,0.14,0.0,8.9,2.68,54.5,72.9,0.75,0.17,-0.12,0.33,33.2,26.6,21.0,6.96,0.17,0.2,0.03,0.0,2.39,63.7,0.0,4.42,6.93,3.43,0.1
Wes Foderingham,Goalkeepers,2880,2021-2022 Championship,36.7,13.4,37.8,56.3,0.56,0.09,11.75,1.0,8.5,0.75,0.28,0.0,6.38,0.72,43.5,45.1,0.19,0.03,0.21,0.29,35.3,21.03,12.03,4.25,0.03,0.09,0.0,0.06,0.9,77.1,66.7,2.25,3.0,4.63,0.53
Wes Foderingham,Goalkeepers,3512,2022-2023 Championship,38.6,13.2,42.4,45.9,0.44,0.15,13.89,1.15,8.3,0.9,0.15,0.0,6.89,0.82,47.1,50.6,0.26,0.03,0.03,0.29,34.3,20.07,13.02,4.46,0.0,0.03,0.0,0.03,0.81,69.8,100.0,1.9,2.72,3.92,0.62
Łukasz Fabiański,Goalkeepers,721,2023-2024 Premier League,39.0,7.6,45.1,14.3,0.12,0.37,14.23,1.0,7.0,0.12,0.12,0.0,6.99,2.62,50.0,57.1,0.37,0.12,-0.03,0.33,40.7,22.72,15.35,6.24,0.37,0.37,0.0,0.0,2.47,66.0,0.0,4.12,6.62,5.49,0.37
Łukasz Fabiański,Goalkeepers,810,2023-2024 Europa League,36.2,13.1,35.6,44.4,0.44,0.22,12.33,0.78,6.3,0.44,0.11,0.0,5.89,0.67,43.7,39.6,0.22,0.0,0.2,0.23,45.5,20.33,11.22,5.11,0.0,0.0,0.0,0.0,0.87,83.3,,3.33,4.0,4.0,0.67
Łukasz Fabiański,Goalkeepers,980,2024-2025 Premier League,36.5,14.4,45.0,20.0,0.18,0.28,16.99,0.55,3.2,1.01,0.28,0.09,8.17,1.65,42.4,60.7,0.28,0.0,0.2,0.32,33.3,30.12,18.18,6.06,0.18,0.18,0.0,0.0,1.9,71.9,0.0,3.86,5.51,4.32,0.46
Łukasz Fabiański,Goalkeepers,1791,"Last 365 Days Men's Big 5 Leagues, UCL, UEL",37.9,12.2,44.8,16.7,0.15,0.3,15.13,0.6,4.0,0.6,0.25,0.05,7.64,1.86,45.9,58.6,0.35,0.05,0.16,0.31,37.5,25.93,16.63,6.23,0.25,0.25,0.0,0.0,2.0,71.7,0.0,4.02,5.83,4.27,0.35
Łukasz Fabiański,Goalkeepers,2117,2019-2020 Premier League,43.5,10.3,58.6,21.7,0.21,0.09,16.24,0.47,2.9,0.34,0.3,0.04,8.16,1.45,60.2,86.5,0.43,0.09,0.04,0.27,41.5,20.41,19.34,8.04,0.13,0.17,0.0,0.04,1.36,70.2,25.0,3.02,4.42,4.25,0.34
Łukasz Fabiański,Goalkeepers,3111,2022-2023 Premier League,39.6,13.0,44.8,24.2,0.23,0.09,14.84,0.84,5.7,0.72,0.17,0.0,7.2,1.39,54.8,59.8,0.55,0.03,-0.03,0.28,38.4,18.95,14.93,5.73,0.06,0.12,0.03,0.03,1.33,69.7,33.3,3.07,4.46,4.43,0.32
Łukasz Fabiański,Goalkeepers,3150,2020-2021 Premier League,40.4,10.8,51.9,28.6,0.29,0.11,14.74,0.74,5.0,0.43,0.23,0.0,7.77,1.26,54.9,75.0,0.29,0.11,0.02,0.27,39.1,21.09,17.4,6.8,0.09,0.14,0.03,0.03,1.17,70.3,25.0,2.77,3.94,4.4,0.49
Łukasz Fabiański,Goalkeepers,3330,2021-2022 Premier League,38.2,10.4,44.4,21.6,0.22,0.22,16.08,0.76,4.7,0.32,0.22,0.05,7.49,1.35,48.9,59.6,0.35,0.05,-0.03,0.26,36.8,19.89,14.19,5.22,0.05,0.16,0.03,0.08,1.26,70.4,60.0,3.0,4.38,4.43,0.43
Łukasz Fabiański,Goalkeepers,3420,2017-2018 Premier League,42.2,11.4,59.9,23.7,0.24,0.13,16.18,1.11,6.8,0.58,0.24,0.03,9.42,1.47,54.5,87.7,0.55,0.05,0.14,0.28,38.8,24.05,21.37,8.29,0.08,0.16,0.0,0.08,1.57,72.1,50.0,3.5,5.0,4.18,0.21
Łukasz Fabiański,Goalkeepers,3420,2018-2019 Premier League,43.0,12.1,61.3,18.4,0.18,0.26,14.58,0.76,5.2,0.42,0.18,0.0,8.13,1.45,59.0,91.9,0.42,0.03,0.23,0.31,37.1,24.13,21.71,8.05,0.11,0.13,0.0,0.03,1.65,74.2,20.0,3.76,5.21,4.08,0.39
